Product Name,Price,Location,Shop Name,Rating,Sold,Image,Link
SPOTEC Sepatu Running Wylder Biru Muda - Biru Tua,Rp299.925,Jakarta Utara,Spotec Official Store,4.8,Terjual 100+,https://images.tokopedia.net/img/cache/200-square/VqbcmM/2021/7/28/e5c2285b-8f36-42c9-9f56-482dcf1fa29f.png,https://ta.tokopedia.com/promo/v1/clicks/8a-xgVY2gmUEH_Ja6_HNH_Khbm-xgVY789CBUsthbm-Orfua9fBjUstiHmUDUSz2Q31i6sJf6_JaHAHaoAjDUMoFyaUEH_UOHmFircYpq9z2Qfdi6sJDUMVDgaUEUSo7QuYDHOYDHBYDHZUDUMNOQ3-BrBY5gBYxgIHi6sUFbm-XP3Oig9-wy3zp9R-BrZUEHsnDUMoxPVY2gIHi6BDhop1NbAJdHAnDH_K7ou7DUMNwyfVXgcBjy9zB9fVjraUEH_eabm-xyBY7g9o7Usti_iUDUSC5rRzwy3hSUstiyRCs9RotQRCwP3NhUiFiPMuarfB5QiUEUSyaUiFiy3zwrfo5rM1i6s1pHidpo_eaoAyR6_UNosrRbm-pHOYDQfri6i-B812kgJxGgBBXZSgjH7NDZ325q1NAoIxvuV17_1zz8JY1u_zozVVd_Ozgq1hAZM2jZJ2Myp-3qcoW_MY-qMY2_jH7HjO1u92vzVJa_uzu8jYJ1_-ouVB2_JoGrB2yQAoiH7203Ao6qMUpZMh-qMY2_1o-r7BWo9giQ1NDZ325q1Okqpooz7Nt33OgPVBW_9B68_nF3MOqQ1h1gRxguVV7_32Dq7OJ_M268jja_uztqJB2PfBiH72F3s-DPuKa1MhszsBF3jo-ojBke3BHe72fyfODQMV9o3gsZJ2f3jx3qMzc69Cqe7jfZ32Cq1hAZSgsQ3hXyurOgMHaqIgszsBF3jo-ojBke3BHe72dgVP383u36_CgufzEZ325q3-JZSoiHfedgjPR8uxEz_zozJUdgjPR8c-I6_oMZIxp__Jd8JYJ1_VMZIxEgJrh6cgI_MB-q9P2yp-6PMoWuMggQj2fgAo6QJBkQfBo8Bud_c2SH1Y1u9Pvzcrh_S2gHJNJyp--q9P2yp-6PMoWuMgsHBgtyfO6Q7BkQfB6zJ7O_c2V8JO1z_-ozcDp_1zVP7O1yp--QsnYUiFiyfhOrRzBrBY2gVYfHiUEH_ya6_UDUMoxPcuSQR-N9RoOgfPBrRzwy9z7rMBiP9zBUs2QUsJdHAnibmUh6_nOUiFiH_K7oZUDUsJNHAKibmUh6A1FUiFiH_K7oiUDUsJdoAKi9ZFirI-2yfuwyMBjUsthHs1Fbm-SQfVD9fBjUstabm-Mq3NxQVYag3hay3N09fVjrfo5rM1i6srOHidhHsJdosepHArN6Aepbm-hP3ua8uYag3hay3N09RosQR-BUstFbsrFHAy7oAURHsjaH_efHpzY?t=desktop&r=https%3A%2F%2Fwww.tokopedia.com%2Fspotec%2Fspotec-sepatu-running-wylder-biru-muda-biru-tua-38%3FextParam%3Divf%253Dfalse%26src%3Dtopads&ob=23&pub_id=0&pub_domain=0&page=1&pub_unit=0&keywords=sepatu&is_search=1&management_type=1&dv=desktop&src=search
FED Sepatu Sneaker Casual SANO WHITE,Rp129.900,Bekasi,Genta Bacania,4.8,Terjual 60+,https://images.tokopedia.net/img/cache/200-square/VqbcmM/2023/3/7/fef3bef5-0d9f-4165-b05f-dcc8ae07ef62.jpg,https://ta.tokopedia.com/promo/v1/clicks/8a-xgVY2gmUEH_jhopUaH_jFbm-xgVY789CBUsthbm-Orfua9fBjUstiHmUDUSz2Q31i6sJf6_JaHAHaoAjDUMoFyaUE6AnFbm-FQRo2PcB5QiUEHiFiy3hSUstirRzW9fFp9fFa9fFhUiFiQSuWyMua9fYM9fVjraUEHsnDUMNOQ3-BrBYxgIowrMuhUstaHmFiyfV79fBjraUE3pJRo_jDH_KFHmFh6AeO9ZFiQBYsy3Njq3zxPcuwy3zpUsthoAUDUMVi9RzBrRei6i-6UiFircYpPVYxQcri6i-srcowrfx5rVYOQSJibm-fg9-pq3YXUstiPsUibm-xgVYpyfYagZUEoArabsHd6AeNHp1Ro_J7osHDUSHp9fh5gaUEUMuNZM2jZJ2M33NGPMep_Mh-qMY2_9j781O1z9PozcWd_S2z8jO1z_uoqMo2_JoGqMzUZMgsHBgtyfO6Q7BkQfB61pe7_1zgHJN1z_-ouJjO_1zo81Ok33BHe72a3BxDHfUpZMWyH7NkysoGQJBkQfBoe7BpZ37OPM-W_Mh-qMY2_320H7OI_MxgQuB733Oo81NNHACqQu2W_VzS8VB119zoqMh0_1z6qjNEZ_-oucxtZ3BRq3UpZSCqHMhO3A-ZQcoc69Cqe7jfZ32Cq1hAZSgsQ3hXyurOgMoUZSgqZVgkgJyNrV2AZ_g-qjV2_JoGPMoWQcNxupuMyp-tPMoc69Cqe7jfZ32Cq1hAZSxjuOgNguyNHVB9gI2-qMY2yjzGrfUpgAxMzRPN3I2VoJOJesxMzRPdyjrNHfgU8IooH_xd_7zzH3gU8I2jzpJdgjP6q1B2PfBsHjNfyfO3gBBXZSgjH7NDZ325q1OE_9BHqjJh_1zSH7YJu_CoucWN_jzSq1hAZS2gHsBN3ByN8B29zSBgHMP2_fB-8jYJqRu6qBJ7_Bzzo1OJ1_z6uJjF_joG6ZUDUMoDP9o7g9-wq3zwPsUi6seFo_yfbm-sy9zBgfYa8uYpP3PSg9o79fV7PI-2ySu7gZUE3aUh6AnFUiFiH_jFoZUDUsJdoA1ibmUh6_ndUiFiH_KOHmUDUsJdoAyibmUh6AedUB7DUSCaq3oB9f-2gmUE6AnFbm-SQfVD9fBjUstabm-Mq3NxQVYag3hay3N09fVjrfo5rM1i6syRHZdN6_jRHAJd6_UNHsjfbm-hP3ua8uYag3hay3N09RosQR-BUstFbsrfo_JhoAyF6AJpo_ydo_-Y?ob=23&r=https%3A%2F%2Fwww.tokopedia.com%2Fgbacania%2Ffed-sepatu-sneaker-casual-sano-white-putih-44%3FextParam%3Divf%253Dfalse%26src%3Dtopads&t=desktop&dv=desktop&is_search=1&pub_id=0&pub_unit=0&keywords=sepatu&src=search&pub_domain=0&page=1&management_type=1
TVF Footwear - Sepatu Sandal RAUNG Hitam,Rp159.900,Depok,TVF FOOTWEAR,4.9,Terjual 500+,https://images.tokopedia.net/img/cache/200-square/product-1/2020/3/16/35681057/35681057_8329b8ac-f1b7-49bb-8c0e-c25a293236b5_1080_1080,https://ta.tokopedia.com/promo/v1/clicks/8a-xgVY2gmUEopKpHsJdHsyDUMVj9RzNrc1i6sJDUSupg9-wq3ei6iUFUiFiPcBWgZUEH_yNH_UFHpU76ZFiyRCsUsthHs1Fbm-FQRo2PcB5QiUEHaFiy3hSUstirRzW9fFa9fFhUiFiQSuWyMua9fYM9fVjraUEHsnDUMNOQ3-BrBYxgIowrMuhUstaHmFiyfV79fBjraUE3pJRo_jDH_KFHmFh6Ae79ZFiQBYsy3Njq3zxPcuwy3zpUsthoAUDUMVi9RzBrRei6i-6UiFircYpPVYxQcri6i-srcowrfx5rVYOQSJibm-fg9-pq3YXUstiPsUibm-xgVYpyfYagZUEo_JfbsraoAHN6AKOoseFopUDUSHp9fh5gaUEUMuNZM2jZJ2M33NGPMep_Mh-qMY2_1o-r7BW_sCsQABE3BPc8ujagfBvq1BN_c2So1YJu_VozcoN_jzg8jNE3_zo17BpZ3O7QcuygIgsQu-Myp-6PMoWu3Bvq1BRZ3BRq3-W69ugHBu2_fB-81Y1yRPgHjg23MjhquBEZ_oHuV-W3MOgPJYJzMx6epCN_OPzP77a__ooqBBd_7PVq1hAZSgsQ3hXyurOgB2IuSPyHMh0Z325q1OAZ9o-Q_BNyuPjrc-D69PsQ_B0gVP6HVKaQcW-qMY2_1o-r7BW69BxufzFyMFN8MVI69PyHMh0Z325q1OAZ9o-Qjyh3BxGouKp1MxqH7O2_fBGr7OW8IgjHRKdyjzGgjO1gRPoZIKdyjzcrfUpgAxMZJdFyBxd6VjaZ3BHe72E3_UN8u2363BsQ_jpyp-uq1Y2Z9BvuVuO_S2SoJNkypCozcDa_92CHjNk13BHe72E3_UN8u23692qu7gN3_-Sq1Y2Z_CoqBBO_32VoJY1z_ooqMWd_1z0HJN2Zsjibm-sQIupPcua9fBj9RyaUsthopjDUMoxPcuSQR-N9RoOgfPBrRzwy9z7rMBiP9zBUs2QUsJdHAnibmUh6_nOUiFiH_K7oZUDUsJNHAKibmUh6A1FUiFiH_K7oiUDUsJdoAKi9ZFirI-2yfuwyMBjUsthHs1Fbm-SQfVD9fBjUstabm-Mq3NxQVYag3hay3N09fVjrfo5rM1i6syfHiddoAjRoA1OosrfH_jpbm-hP3ua8uYag3hay3N09RosQR-BUstFbse7HA1dHpHFo_URosKNos17we?t=desktop&ob=23&management_type=2&keywords=sepatu&pub_domain=0&r=https%3A%2F%2Fwww.tokopedia.com%2Ftvffootwear%2Ftvf-footwear-sepatu-sandal-raung-hitam-37%3FextParam%3Divf%253Dfalse%26src%3Dtopads&is_search=1&pub_id=0&pub_unit=0&src=search&page=1&dv=desktop
Sepatu Boots Petani Sawah Panjang 110cm Anti Keong Keret Waterproof ,Rp225.000,Jakarta Barat,Xpioneer Teknik,5.0,Terjual 50+,https://images.tokopedia.net/img/cache/200-square/VqbcmM/2023/6/14/bd99a2ef-1ba2-4815-9b9c-48b8cfd3397a.jpg,https://ta.tokopedia.com/promo/v1/clicks/8a-xgVY2gmUEH_jOHpKN6_Kabm-xgVY789CBUsthbm-Orfua9fBjUstiHmUDUSz2Q31i6sJf6_JaHAHaoAjDUMoFyaUEHsHFHmFircYpq9z2Qfdi6seDUMVDgaUEUSo7QuYDHOYDHBYDHZUDUMNOQ3-BrBY5gBYxgIHi6sUFbm-XP3Oig9-wy3zp9R-BrZUEHsnDUMoxPVY2gIHi6BDhop1NbAJdHAnDH_K76V7DUMNwyfVXgcBjy9zB9fVjraUEH_eabm-xyBY7g9o7Usti_iUDUSC5rRzwy3hSUstiyRCs9RotQRCwP3NhUiFiPMuarfB5QiUEUSyaUiFiy3zwrfo5rM1i6s1FomdR6_1RHArOopjdHsUfoZFirpowQcYSUstig9BGqMzUZMggQj2fgAo6QJBkQfBoepeh_OzSoJOJZ92vuVuN_1z0H1YJe_u-q9P23_oZ8uKp_Mhg3J2ky1o-ojBke3BHe72a3BxDHfUpZMWyH7NkysoGQJBkQfBoe7BpZ37OPM-W_Mh-qMY2_320H7OI_MxgQuB733Oo81NNHACqQu2W_VzS8VB119zoqMh0_1z6qjNEZ_-oucxtZ3BRq3UpZSCqHMhO3A-ZQcoc69Cqe7jfZ32Cq1hAZSgsQ3hXyurOgMoUZSgqZVgkgJyNrV2AZ_g-qjV2_JoGPMoWQcNxupuMyp-tPMoc69Cqe7jfZ32Cq1hAZSxjuOgNguyNHVB9gI2-qMY2yjzGrfUpgAxMzRPN3I2VoJOJesxMzRPdyjrNHfgU8IooH_xd_7zzocgU8I2jzpJdgjP6q1B2PfBsHjNfyfO3gBBXZSgjH7NDZ325q1OEyRxHqjuE_92So1N1qpzvzJ7p_OzS8jB2PfBsHjNfyfO3gMHauMxsQ1N5Z325q1NJz_-Hqj7p_OzuHjNJe_-6uV1F_Ozg8jBXHA7ibm-sQIupPcua9fBj9RyaUstNH_jabm-sy9zBgfYa8uYpP3PSg9o79fV7PI-2ySu7gZUE3aUh6AnFUiFiH_jFoZUDUsJdoA1ibmUh6_ndUiFiH_KOHmUDUsJdoAyibmUh6AedUB7DUSCaq3oB9f-2gmUEHsHFHmFigfYxQVY2gmUEHiFigMBXy3hwrMuDrMVXqOYxgIosQR-BUstfo_yXH_nfHAUNHpnpH_1f6ZFir9uBrSBwrMuDrMVXqOYpyfYagZUEHmdposj76_JpH_yR6Aj7HArOwe?pub_id=0&pub_domain=0&t=desktop&dv=desktop&keywords=sepatu&pub_unit=0&src=search&ob=23&r=https%3A%2F%2Fwww.tokopedia.com%2Fxpioneer%2Fsepatu-boots-petani-sawah-panjang-110cm-anti-keong-keret-waterproof-hijau-39-d04ad%3FextParam%3Divf%253Dtrue%26src%3Dtopads&is_search=1&page=1&management_type=1
Ardiles Nfinity Flash Sepatu Running - Biru Hijau,Rp599.800,Kab. Serang,Ardiles Official Store,4.9,Terjual 30+,https://images.tokopedia.net/img/cache/200-square/VqbcmM/2022/11/28/f3603a5b-a611-4908-b42a-c605ccf2e0a8.jpg,https://ta.tokopedia.com/promo/v1/clicks/8a-xgVY2gmUEH_jfo_rdo_JNbm-xgVY789CBUsthbm-Orfua9fBjUstiHmUDUSz2Q31i6sJf6_JaHAHaoAjDUMoFyaUEHp1Fbm-FQRo2PcB5QiUEoZFiy3hSUstirRzW9fFp9fFa9fFhUiFiQSuWyMua9fYM9fVjraUEHsnDUMNOQ3-BrBYxgIowrMuhUstaHmFiyfV79fBjraUE3pJRo_jDH_KFHmFh6AeO9ZFiQBYsy3Njq3zxPcuwy3zpUsthoAUDUMVi9RzBrRei6i-6UiFircYpPVYxQcri6i-srcowrfx5rVYOQSJibm-fg9-pq3YXUstiPsUibm-xgVYpyfYagZUEoA1NbsyFHA1ao_Ud6AJNHArDUSHp9fh5gaUEUMuNZM2jZJ2M33NGPMep_Mh-qMY2_1o-r7BW_sCsQABE3BPc8ujagfBvq1j7_c2o8jOE_92o8jOE_92o8jOE_92oq1BpZ3O7QcuygIgsQu-Myp-6PMoWu3Bvq1BRZ3BRq3-W69ugHBu2_fB-81Y1yRPgHjg23MjhquBEZ_oHuV-W3MOgPJYJzMx6epCN_OPzP77a__ooqBBd_7PVq1hAZSgsQ3hXyurOgB2IuSPyHMh0Z325q1OAZ9o-Q_BNyuPjrc-D69PsQ_B0gVP6HVKaQcW-qMY2_1o-r7BW69BxufzFyMFN8MVI69PyHMh0Z325q1OAZ9o-Qjyh3BxGouKp1MxqH7O2_fBGr7OW8IgjHRKdyjzGgjO1gRPoZIKdyjzcrfUpgAxMzRPE3I2VoJNJusxMZJdFyBxd6VjaZ3BHe72E3_UN8u2363BsQ_jpyp-uq1Y2Z9BvzcoO_Bz-o1Y1Z_oozJJO_1zu8jOkyfBHe72E3_UN8u23692qu7gN3_-Sq1Y2Z9268MWO_uzCP7NJZ92oucPd_M2uHjNAZsjibm-sQIupPcua9fBj9RyaUstaHsnaHmFiyfV7g3P5rSBwrRuSgfupPVYxPIzaq3-OPc1i6BDiH_KFHmUDUsJNHA1ibmUh6AeOUiFiH_jF6mUDUsJdo_nibmUh6AefUiFiH_K76m-Pbm-FrMBsguYiq3ei6sHOHmFigfYxQVY2gmUEHiFigMBXy3hwrMuDrMVXqOYxgIosQR-BUstfoArXop1FopJO6AefoseF6mFir9uBrSBwrMuDrMVXqOYpyfYagZUEHmdR6AHRo_1pHpUNopHFHAHdwe?is_search=1&pub_id=0&pub_domain=0&src=search&management_type=1&keywords=sepatu&page=1&t=desktop&dv=desktop&pub_unit=0&r=https%3A%2F%2Fwww.tokopedia.com%2Fardiles%2Fardiles-nfinity-flash-sepatu-running-biru-hijau-biru-hijau-39%3FextParam%3Divf%253Dfalse%26src%3Dtopads&ob=23
Servodio 36-44 Navy Sepatu Sneakers Casual Pria Wanita SV02,Rp79.600,Kab. Mojokerto,Servodio Official Store,4.9,Terjual 100+,https://images.tokopedia.net/img/cache/200-square/hDjmkQ/2023/3/27/1cd1a647-1a20-4540-9385-b366df226e0b.jpg,https://www.tokopedia.com/servodioofficialstore/servodio-36-44-navy-sepatu-sneakers-casual-pria-wanita-sv02-navy-37?extParam=ivf%3Dfalse%26src%3Dsearch
SEPATU SNEAKERS ORTUSEIGHT RELIEVE - BLACK/WHITE,Rp449.650,Jakarta Barat,RANK Sports,5.0,Terjual 15,https://images.tokopedia.net/img/cache/200-square/hDjmkQ/2023/6/5/d9f5fa76-ace1-49d8-aaae-aa8dc3000677.jpg,https://www.tokopedia.com/ranksports/sepatu-sneakers-ortuseight-relieve-black-white-40?extParam=ivf%3Dfalse%26src%3Dsearch%26whid%3D3125298
100%premium Sepatu volly badminton court ff control blue white Vietnam,Rp355.000,Bandung,Iyustaufik,4.8,Terjual 50+,https://images.tokopedia.net/img/cache/200-square/VqbcmM/2022/11/9/d12f2c50-1133-47a5-8daf-df67a8e9c1b4.jpg,https://www.tokopedia.com/iyustaufikglosir/100-premium-sepatu-volly-badminton-court-ff-control-blue-white-vietnam-nova-fullblack-40?extParam=ivf%3Dfalse%26src%3Dsearch
Sepatu Boot Pendek HUNTER SP 1 JOSS KUNING,Rp56.000,Jakarta Barat,redshroom,4.8,Terjual 100+,https://images.tokopedia.net/img/cache/200-square/hDjmkQ/2023/2/21/f63628ce-c08e-4e2b-a37d-6033b015c31a.jpg,https://www.tokopedia.com/redshroom/sepatu-boot-pendek-hunter-sp-1-joss-kuning-25-b8af?extParam=ivf%3Dfalse%26src%3Dsearch
SEPATU BOOT TINGGI AP BOOTS AP MOTO 2 HITAM MERAH MOTOR SIZE 38-45,Rp97.000,Jakarta Barat,redshroom,4.9,Terjual 3 rb+,https://images.tokopedia.net/img/cache/200-square/VqbcmM/2021/4/26/02353039-0f5b-4eed-83ec-453e174df421.jpg,https://www.tokopedia.com/redshroom/sepatu-boot-tinggi-ap-boots-ap-moto-2-hitam-merah-motor-size-38-45-38?extParam=ivf%3Dfalse%26src%3Dsearch
SEPATU SEKOLAH NB TALI (PENDEK) TERMURAH,Rp60.000,Jakarta Utara,TOKO SEPATU SENDAL NURUL,4.8,Terjual 500+,https://images.tokopedia.net/img/cache/200-square/VqbcmM/2021/10/11/c78fbda2-445d-4301-b74c-22152ecbb465.jpg,https://www.tokopedia.com/archive-nurulaluz/sepatu-sekolah-nb-tali-pendek-termurah-hitam-hitam-36?extParam=ivf%3Dfalse%26src%3Dsearch
Sepatu olahraga Alope ZICO sepatu Badminton best seller unisex,Rp114.999,Kab. Mojokerto,Alope Official,4.8,Terjual 100+,https://images.tokopedia.net/img/cache/200-square/VqbcmM/2023/5/19/e78a1015-9441-4aab-8873-83c95f85b213.jpg,https://www.tokopedia.com/alopeofficial/sepatu-olahraga-alope-zico-sepatu-badminton-best-seller-unisex-kaos-kaki-41?extParam=ivf%3Dtrue%26src%3Dsearch
Sepatu safety Krisbow Arrow 6 inch - Hitam,Rp288.900,Jakarta Barat,Suryashope,4.8,Terjual 750+,https://images.tokopedia.net/img/cache/200-square/VqbcmM/2022/7/27/d6bd22d0-9d03-4da9-a647-47c7ffa2b3ca.jpg,https://www.tokopedia.com/11243ciptarasa/sepatu-safety-krisbow-arrow-6-inch-hitam-catter-pillar-39?extParam=ivf%3Dfalse%26src%3Dsearch
Sepatu Karet AP BOLA cucuk Boots Multi Fungsi Bertani Barkebun Kesawah,Rp19.500,Kab. Gresik,TATAKAE,5.0,Terjual 100+,https://images.tokopedia.net/img/cache/200-square/VqbcmM/2023/2/1/4fb22de0-babf-4020-b8aa-9575808df8ea.jpg,https://www.tokopedia.com/tatakae/sepatu-karet-ap-bola-cucuk-boots-multi-fungsi-bertani-barkebun-kesawah-hitam-37?extParam=ivf%3Dfalse%26src%3Dsearch
Sepatu Sekolah Warrior PX Star (Menerima Pesanan Sekolah),Rp78.000,Kab. Bandung,PASShoes,4.9,Terjual 3 rb+,https://images.tokopedia.net/img/cache/200-square/product-1/2020/1/9/40791516/40791516_cb401a24-abfb-4035-bfa0-43cd2116ae18_1698_1698,https://www.tokopedia.com/passhoes9/sepatu-sekolah-warrior-px-star-menerima-pesanan-sekolah-hitam-42?extParam=ivf%3Dfalse%26src%3Dsearch
"sepatu kerja pria sepatu kantor pria sepatu kulit asli Model halland - 41, A (hitam)",Rp355.000,Jakarta Timur,flavio & boston official,4.9,Terjual 500+,https://images.tokopedia.net/img/cache/200-square/VqbcmM/2021/10/5/78cdd78a-dbf6-4ce6-927e-a586535f9928.jpg,https://ta.tokopedia.com/promo/v1/clicks/8a-xgVY2gmUEH_Jdo_UpH_H7bm-xgVY789CBUsthbm-Orfua9fBjUstiHmUDUSz2Q31i6sJf6_JaHAHaoAjDUMoFyaUEHpJOHmFircYpq9z2Qfdi6syDUMWB89P5rMzwq3ei6sHRoAjho_rRoAUDUMVDgaUEUMW79RCtrMVpguY7QZUDUMNOQ3-BrBY5gBYxgIHi6sUFbm-XP3Oig9-wy3zp9R-BrZUEHsnDUMoxPVY2gIHi6BDhop1NbAJdHAnDH_KOHV7DUMNwyfVXgcBjy9zB9fVjraUEH_eabm-xyBY7g9o7Usti_iUDUSC5rRzwy3hSUstiyRCs9RotQRCwP3NhUiFiPMuarfB5QiUEUSyaUiFiy3zwrfo5rM1i6seO6ZdF6A1O6AUhHArdHsHDUSHp9fh5gaUEUMuNZM2jZJ2M33NGPMep_Mh-qMY2_1o-r7BW_sCsQABE3BPc8ujagfBvq1BRZ3BRq3JausujHsBN3jyN8Bja69Bq17jfZ32CP1OkypV6qjjhZ3BRq3-W69ugHBu2_fB-81Y1yRPgHjg23MjhquBEZ_oHuV-W3MOgPJYJzMx6epCN_OPzP77a__ooqBBd_7PVq1hAZSgsQ3hXyurOgB2IuSPyHMh0Z325q1OAZ9o-Q_BNyuPjrc-D69PsQ_B0gVP6HVKaQcW-qMY2_1o-r7BW69BxufzFyMFN8MVI69PyHMh0Z325q1OAZ9o-Qjyh3BxGouKp1MxqH7O2_fBGHc-y8AxxHO-M33NGPBB91sxMzReF3AomQfoWzS2q17BpZ3N6qMUpZMhyHj2Nysoj8B2_Z_g-qjV2_JoG8Bja69BqusBE3BPc8ujagfBvq1BE_S2SP1NkypV6qMoE_jz0oJOkgpz6zVB2gBJYvZUDUMoxPcuSQR-N9RoOgfPBrRzwy9z7rMBiP9zBUs2QUsJdHAnibmUh6_nOUiFiH_K7oZUDUsJNHAKibmUh6A1FUiFiH_K7oiUDUsJdoAKi9ZFigR-5P9CwrRzay9zBgRji6BDhbA-Pbm-ag3hBPMVXyfuwrfo5rM1i6snXopHNHseFHAnNHAeFHsUpbm-FrMBsguYiq3ei6sHho_nDUMP5y3hwq3ei6sUDUMg2QMVD9R-BQI-xQMWwy3zpyfYagZUEoseRbsJp6ArpHAHNH_j76ArDUSVOg9-N9R-BQI-xQMWwrfo5rM1i6snXo_17Hs1F6_e7H_ndH_nhoI7?is_search=1&management_type=1&t=desktop&pub_id=0&ob=23&dv=desktop&r=https%3A%2F%2Fwww.tokopedia.com%2Fflaviobostonofficial%2Fsepatu-kerja-pria-sepatu-kantor-pria-sepatu-kulit-asli-model-halland-41-a-hitam%3FextParam%3Divf%253Dfalse%26src%3Dtopads&pub_domain=0&page=1&src=search&pub_unit=0&keywords=sepatu
Sepatu Onitsuka Indo Dark Blue White ORIGINAL,Rp599.000,Jakarta Selatan,ONITSUKA TIGER MEXICO 66 OFFICIAL,4.2,Terjual 10,https://images.tokopedia.net/img/cache/200-square/VqbcmM/2023/1/2/e93f2389-0d8c-4f10-a831-262446341755.jpg,https://ta.tokopedia.com/promo/v1/clicks/8a-xgVY2gmUEH_rNopJfo_edbm-xgVY789CBUsthbm-Orfua9fBjUstiHmUDUSz2Q31i6sJf6_JaHAHaoAjDUMoFyaUEH_UOHmFircYpq9z2Qfdi6srDUMVDgaUEUSo7QuYDHOYDHBYDHZUDUMNOQ3-BrBY5gBYxgIHi6sUFbm-XP3Oig9-wy3zp9R-BrZUEHsnDUMoxPVY2gIHi6BDhop1dbAJNHA1DH_jF6V7DUMNwyfVXgcBjy9zB9fVjraUEH_eabm-xyBY7g9o7Usti_iUDUSC5rRzwy3hSUstiyRCs9RotQRCwP3NhUiFiPMuarfB5QiUEUSyaUiFiy3zwrfo5rM1i6seOomdhHpHNo_nNosUdo_UhoaFirpowQcYSUstig9BGqMzUZMggQj2fgAo6QJBkQfBoe7BpZ3O6HcoD692qu7gN3_-Sq1Y2Z9P-q9P2y_-3o3ea69BqzsBE3_UN8u2_Z_g-qjV2_JoGP3Uao32q17jfZ32-o1NEeM2gu72W_VPGqjOkyRz6zO2W3MjFoJO9z_CHuJjO3jzC8BBEyRB6qj173uo-r7BW69BxufzFyMFNqO2yeMgxuOV2_fB-P7B2PfBiH72F3s-DPuKpeSBiHBUh3_oZgMV913Bvq1BRZ3BRq3UpZSCqHMhO3Ao6QfUpeMgxuOV2_fB-P7B2PfBs3VgDyfNDgMzIzMNs81jfZ3OR8BxEz_uozcKdgjPR8uxEz_uozVydgjPR83-I6_oMZIxp_uPdPMep8AxsHO-7gjxdqBB2Z9o-QjNkysoGQVKaZSBiHfzE3Bo-ojBk_92vepeF_S2VoJOJ1_oouVjO_32gH7B2PfBsHjNfyfO3gMHauMxsQ1N5Z325q1OEypCHqB1O_uzo8jOke_o68j7O_S2oq3gzv_7ibm-sQIupPcua9fBj9RyaUstOHAH7HiFiyfV7g3P5rSBwrRuSgfupPVYxPIzaq3-OPc1i6BDiH_KFHmUDUsJNHA1ibmUh6AeOUiFiH_jF6mUDUsJdo_nibmUh6AefUiFiH_K76m-Pbm-FrMBsguYiq3ei6sJao_nDUMP5y3hwq3ei6sUDUMg2QMVD9R-BQI-xQMWwy3zpyfYagZUEoseObsrRHpU7HseRHs1a6_1DUSVOg9-N9R-BQI-xQMWwrfo5rM1i6snXopJd6_rf6_ehosJN6AUpH97?src=search&pub_id=0&management_type=1&keywords=sepatu&t=desktop&r=https%3A%2F%2Fwww.tokopedia.com%2Fonitsukatigermexico%2Fsepatu-onitsuka-indo-dark-blue-white-original%3FextParam%3Divf%253Dfalse%26src%3Dtopads&ob=23&pub_unit=0&dv=desktop&is_search=1&page=1&pub_domain=0
Sepatu Clarks Kulit Wanita Wedges 4 cm AH 9158 100% Kulit Asli,Rp339.500,Jakarta Utara,TopSeller8888,5.0,Terjual 7,https://images.tokopedia.net/img/cache/200-square/VqbcmM/2023/5/11/96872b57-7169-479d-9e7d-fafe0cc3c6ae.jpg,https://ta.tokopedia.com/promo/v1/clicks/8a-xgVY2gmUEH_ja6_1dopJfbm-xgVY789CBUsthbm-Orfua9fBjUstiHmUDUSz2Q31i6sJf6_JaHAHaoAjDUMoFyaUE6_nFbm-FQRo2PcB5QiUE6mFiy3hSUstirRzW9fFa9fFhUiFiQSuWyMua9fYM9fVjraUEHsnDUMNOQ3-BrBYxgIowrMuhUstaHmFiyfV79fBjraUE3pJRo_KDH_jFoZFh6_J79ZFiQBYsy3Njq3zxPcuwy3zpUsthoAUDUMVi9RzBrRei6i-6UiFircYpPVYxQcri6i-srcowrfx5rVYOQSJibm-fg9-pq3YXUstiPsUibm-xgVYpyfYagZUEo_JpbsnF6ArOo_ep6_nRoAKDUSHp9fh5gaUEUMuNZM2jZJ2M33NGPMep_Mh-qMY2_7H78jOE_92o8jOE_92o8jOE_92o8jB2_JoGqMzUZMgsHBgtyfO6Q7BkQfBv1pe7_1zoo1Okz_V6qMra_32sHJN1Z3BHe72a3BxDHfUpZMWyH7NkysoGQJBkQfBoe7BpZ37OPM-W_Mh-qMY2_320H7OI_MxgQuB733Oo81NNHACqQu2W_VzS8VB119zoqMh0_1z6qjNEZ_-oucxtZ3BRq3UpZSCqHMhO3A-ZQcoc69Cqe7jfZ32Cq1hAZSgsQ3hXyurOgMoUZSgqZVgkgJyNrV2AZ_g-qjV2_JoGPMoWQcNxupuMyp-tPMoc69Cqe7jfZ32Cq1hAZSxjuOgNguyNHVB9gI2-qMY2yjzGgjO1qRP63IKdyjzGrfUpgAxMzRPdyjrNHfgU8I2jzpJdgjP6q1B2PfBsHjNfyfO3gBBXZSgjH7NDZ325q1OEZ9xHqMod_32-H1NEZ_-vuJVd_1zuq1hAZS2gHsBN3ByN8B29zSBgHMP2_fB-HJOk_9uouV1F_1zsH7NJ3_u6uV1a_Ozsq3gzv_7ibm-sQIupPcua9fBj9RyaUsthoprd6mFiyfV7g3P5rSBwrRuSgfupPVYxPIzaq3-OPc1i6BDiH_KFHmUDUsJNHA1ibmUh6AeOUiFiH_jF6mUDUsJdo_nibmUh6AefUiFiH_K76m-Pbm-FrMBsguYiq3ei6sjFHmFigfYxQVY2gmUEHiFigMBXy3hwrMuDrMVXqOYxgIosQR-BUstfoAJX6A1OHAK7HA1fHseaomFir9uBrSBwrMuDrMVXqOYpyfYagZUEHmd7H_UpH_ya6_edHAepHsrhHR7?is_search=1&keywords=sepatu&pub_unit=0&page=1&pub_id=0&pub_domain=0&management_type=2&t=desktop&r=https%3A%2F%2Fwww.tokopedia.com%2Ftopseller8888%2Fsepatu-clarks-kulit-wanita-wedges-4-cm-ah-9158-100-kulit-asli-hitam-36%3FextParam%3Divf%253Dfalse%26src%3Dtopads&dv=desktop&src=search&ob=23
Blake Penny Loafers Black / Sepatu Formal / Sepatu Nappa Milano,Rp789.000,Kab. Tangerang,Nappa Milano,4.8,Terjual 250+,https://images.tokopedia.net/img/cache/200-square/product-1/2020/2/24/95949850/95949850_6092cd23-ca16-4e03-8376-f24dcf2f5996_850_850,https://ta.tokopedia.com/promo/v1/clicks/8a-xgVY2gmUEH_jFH_H7o_17bm-xgVY789CBUsthbm-Orfua9fBjUstiHmUDUSz2Q31i6sJf6_JaHAHaoAjDUMoFyaUEHsjOHmFircYpq9z2Qfdi6sjDUMVDgaUEUSo7QuYDHBYDHZUDUMNOQ3-BrBY5gBYxgIHi6sUFbm-XP3Oig9-wy3zp9R-BrZUEHsnDUMoxPVY2gIHi6BDhop1NbAJdHAnDH_K7oO7DUMNwyfVXgcBjy9zB9fVjraUEH_eabm-xyBY7g9o7Usti_iUDUSC5rRzwy3hSUstiyRCs9RotQRCwP3NhUiFiPMuarfB5QiUEUSyaUiFiy3zwrfo5rM1i6seR6mdp6_JNopepHpyhHsJObm-pHOYDQfri6i-B812kgJxGgBBXZSgjH7NDZ325q1ONoAVozcrp_S2Vo1OkqpzoqBJh_M2Vq1hAZM2jZJ2Myp-3qcoW_MY-qMY2_1o-r7BWPchB3czfyfOZgMHa_SgsQuu2_fB-P7B2PfBiQ_BO3_-uq1Y2Z9BvucoR3_-cqu22H3Bg8jjp_VzZQu2W39zvzJgt_jHF81Y919PoHj7p_32g8JYIz3BHe72fyfODQMV9o3gqzOgR3A-Dq7BkQfBoe7BpZ37N83V9gICiQABRyf7Nqfz9_sCyHMh0Z325q1OAZ9o-Q_BNyuPjrc-D692xzpBR3A-Dq7BkQfBoe7BpZ3NcHu2yZsuyHO-t3sooq1Y2ZSooQ9xfgAod6c-JZMgoucPR_1xd6c-JzSoiHfedgjx6Hc-y8AxgHjB2_JoG8Bja69BqusB2yf7NHfHau3Bvq1BE_M2CP1YJqpz6zcWR_7zoHJOk192oqBB2_JoG8Bja69BqusBE3BPc8ujagfBvq1BE_OzzP1Nke9P6uJJa_uzsHjO1Z9B6e7tNUiFiyfhOrRzBrBY2gVYfHiUE6_npoiFiyfV7g3P5rSBwrRuSgfupPVYxPIzaq3-OPc1i6BDiH_KFHmUDUsJNHA1ibmUh6AeOUiFiH_jF6mUDUsJdo_nibmUh6AefUiFiH_K76m-Pbm-FrMBsguYiq3ei6sUNo_nDUMP5y3hwq3ei6sUDUMg2QMVD9R-BQI-xQMWwy3zpyfYagZUEosehbsrRHpKhHAKhoAHRo_KDUSVOg9-N9R-BQI-xQMWwrfo5rM1i6snXHpKdHAeO6AjaHs1hopKp6I7?management_type=1&pub_id=0&t=desktop&page=1&dv=desktop&src=search&pub_unit=0&keywords=sepatu&ob=23&r=https%3A%2F%2Fwww.tokopedia.com%2Fnappamilano%2Fblake-penny-loafers-black-sepatu-formal-sepatu-nappa-milano-44%3FextParam%3Divf%253Dfalse%26src%3Dtopads&is_search=1&pub_domain=0
"Sepatu Sport Kano Sneakers Kets Casual Wanita Perempuan Cewek Import - SW04 BLACK, 36",Rp120.000,Jakarta Barat,Nimaya,4.9,Terjual 40+,https://images.tokopedia.net/img/cache/200-square/VqbcmM/2023/5/20/4335957b-4761-436b-a166-ff7f57734750.jpg,https://ta.tokopedia.com/promo/v1/clicks/8a-xgVY2gmUEH_jpHpHRoAHfbm-xgVY789CBUsthbm-Orfua9fBjUstiHmUDUSz2Q31i6sJf6_JaHAHaoAjDUMoFyaUEos1Fbm-FQRo2PcB5QiUEH_nDUMVDgaUEUSo7QuYDHOYDHBYDHZUDUMNOQ3-BrBY5gBYxgIHi6sUFbm-XP3Oig9-wy3zp9R-BrZUEHsnDUMoxPVY2gIHi6BDhop1dbAJNHA1DH_jF6V7DUMNwyfVXgcBjy9zB9fVjraUEH_eabm-xyBY7g9o7Usti_iUDUSC5rRzwy3hSUstiyRCs9RotQRCwP3NhUiFiPMuarfB5QiUEUSyaUiFiy3zwrfo5rM1i6sedHZddHpKRHpnFo_JRosHFomFirpowQcYSUstig9BGqMzUZMggQj2fgAo6QJBkQfB61pea_S2oH7N1gpz6qBuN_jzS81OkyfBHe72kgJxGgMHauMxsQ1N5Z325q1O1e9u68BjO_32oP7NE3_uoqjOR_S2sq1hAZS-q3cFpysoGqOKp_M2iH72DZ325q1OAZ9o-Q_ufyMO6QJBkQfBoqMDp_1P6qVBW39zgQ1ON_SjFHV2W3MOHucPd3uzzPJOkQcWozJNk_S2-HjO1qcx-q9P2ysoGrVtaQIuyHB-Dy7yNrV2AZ_g-qjV2_JoGPMoWQcNxupuMy7xGPB2UuM2jzsBF3jo-ojBke3BHe72fyfODQMV9o3gsHMxfy7yNrV2AZ_g-qjV2_JoG8cz9uSBBusjF3uPj8jBkQfBizJNM_uz0P7YU8AxizJ2M_uz0P7Ny8AxizJ2pysoj6cgIPRxizpjpgjxd8MzIH_xMz7N2Z3BRq3Ha_SgsQugM33NGPMep_Mh-qMY2_92sHJhk_9BoqBBN_jz0P7NJZ9B6zVjhZ3BRq3Ha_SgsQugMyp-3qcoW_MY-qMY2_920H7hk1_Co8B1h_jzgP7OkqpovucWEZ3dFvZUDUMoDP9o7g9-wq3zwPsUi6sUFHAnObm-sy9zBgfYa8uYpP3PSg9o79fV7PI-2ySu7gZUE3aUh6AnFUiFiH_jFoZUDUsJdoA1ibmUh6_ndUiFiH_KOHmUDUsJdoAyibmUh6AedUB7DUSCaq3oB9f-2gmUEos1Fbm-SQfVD9fBjUstabm-Mq3NxQVYag3hay3N09fVjrfo5rM1i6sypomdho_rfHAjRHAHdo_ydbm-hP3ua8uYag3hay3N09RosQR-BUstFbs1fopU7HAndoAUNoAHFo_VY?dv=desktop&src=search&pub_unit=0&management_type=1&ob=23&pub_id=0&page=1&t=desktop&keywords=sepatu&r=https%3A%2F%2Fwww.tokopedia.com%2Fnimaya-1%2Fsepatu-sport-kano-sneakers-kets-casual-wanita-perempuan-cewek-import-sw04-black-36%3FextParam%3Divf%253Dtrue%26src%3Dtopads&is_search=1&pub_domain=0
Sepatu Kodachi 8172 Hijau Army Olive Green / Sneakers Pria Wanita,Rp130.000,Jakarta Barat,Sepatu Kodachi Warrior,4.9,Terjual 100+,https://images.tokopedia.net/img/cache/200-square/hDjmkQ/2021/11/8/ecb1bb5f-3231-4073-925a-ebc934e17f3b.jpg,https://www.tokopedia.com/kodachiwarrior/sepatu-kodachi-8172-hijau-army-olive-green-sneakers-pria-wanita-37?extParam=ivf%3Dfalse%26src%3Dsearch
sepatu safety sporty sneaker terbaru,Rp149.900,Bandung,Fashion Bandung 987,4.9,Terjual 100+,https://images.tokopedia.net/img/cache/200-square/VqbcmM/2022/11/26/36b58da1-6c54-4de0-a0d4-cf8cdb38ecfb.jpg,https://www.tokopedia.com/fashion-bandung/sepatu-safety-sporty-sneaker-terbaru-navy-39?extParam=ivf%3Dfalse%26src%3Dsearch
Aerostreet 39-44 Massive Costa Hitam Gum - Sepatu Sneakers Casual,Rp149.900,Kab. Klaten,Aerostreet,4.9,Terjual 250+,https://images.tokopedia.net/img/cache/200-square/VqbcmM/2023/5/29/b267370e-e6e7-4c5c-b6c3-94ff3fc15a48.jpg,https://www.tokopedia.com/aerostreet/aerostreet-39-44-massive-costa-hitam-gum-sepatu-sneakers-casual-44?extParam=ivf%3Dtrue%26src%3Dsearch
Sepatu Ventela Original Pria Vantela PUBLIC / ETHNIC / BASIC,Rp230.000,Kab. Bandung,sepatulokalid,4.9,Terjual 2 rb+,https://images.tokopedia.net/img/cache/200-square/VqbcmM/2023/1/5/064d5bb2-5919-4b6b-bd34-b029638e4091.jpg,https://www.tokopedia.com/sepatulokalid/sepatu-ventela-original-pria-vantela-public-ethnic-basic-ethnic-low-42?extParam=ivf%3Dtrue%26src%3Dsearch
SEPATU NB NEW BALANCE 550 WHITE GREEN UNISEX - PREMIUM ORIGINAL,Rp649.000,Jakarta Selatan,Tabriiz Sneakers,4.8,Terjual 20,https://images.tokopedia.net/img/cache/200-square/VqbcmM/2022/11/23/667fc2bf-7e36-4b9f-809b-66191c157bba.jpg,https://www.tokopedia.com/tabriiz-sneakers/sepatu-nb-new-balance-550-white-green-unisex-premium-original-37?extParam=ivf%3Dfalse%26src%3Dsearch
Aerostreet 36-45 Osaka Hitam Emas - Sepatu Sneakers Sport 21HH20,Rp155.900,Kab. Klaten,Aerostreet,4.8,Terjual 4 rb+,https://images.tokopedia.net/img/cache/200-square/VqbcmM/2023/7/24/82d46ea4-4fe0-4cd3-af5d-ec2e59e527ae.jpg,https://www.tokopedia.com/aerostreet/aerostreet-36-45-osaka-hitam-emas-sepatu-sneakers-sport-21hh20-41?extParam=cmp%3D1%26ivf%3Dtrue%26src%3Dsearch
Sepatu Sneakers Mills Sportage CL 9701001 Original BNIB,Rp254.150,Jakarta Timur,KING OF DRIBBLE,5.0,Terjual 16,https://images.tokopedia.net/img/cache/200-square/VqbcmM/2023/5/28/dc127233-0f6c-4201-bdc5-9501ed562bab.jpg,https://www.tokopedia.com/kingofdribble/sepatu-sneakers-mills-sportage-cl-9701001-original-bnib-42-9d636?extParam=ivf%3Dfalse%26src%3Dsearch
Aerostreet 36-45 Hoops Low Gum White - Sepatu Sneakers Casual,Rp149.900,Kab. Klaten,Aerostreet,4.9,Terjual 2 rb+,https://images.tokopedia.net/img/cache/200-square/VqbcmM/2023/7/24/fe8228cd-b5be-4116-b60f-10287aa91cb5.jpg,https://www.tokopedia.com/aerostreet/aerostreet-36-45-hoops-low-gum-white-sepatu-sneakers-casual-38?extParam=ivf%3Dtrue%26src%3Dsearch
Aerostreet 36-45 Massive Low Hitam - Sepatu Sneakers Casual 21AA30,Rp139.900,Kab. Klaten,Aerostreet,4.9,Terjual 10 rb+,https://images.tokopedia.net/img/cache/200-square/VqbcmM/2023/7/24/ec21ea0b-62af-45e0-a4c5-820e9e0c018b.jpg,https://www.tokopedia.com/aerostreet/aerostreet-36-45-massive-low-hitam-sepatu-sneakers-casual-21aa30-37?extParam=ivf%3Dtrue%26src%3Dsearch
Aerostreet 37-44 Massive All Black - Sepatu Sneakers Casual,Rp139.900,Kab. Klaten,Aerostreet,4.9,Terjual 2 rb+,https://images.tokopedia.net/img/cache/200-square/VqbcmM/2023/7/18/0d33f909-a4b9-4e54-bd5c-641283f7d6be.jpg,https://www.tokopedia.com/aerostreet/aerostreet-37-44-massive-all-black-sepatu-sneakers-casual-39-11d7?extParam=ivf%3Dtrue%26src%3Dsearch
Sepatu Sneakers Johnson - Basic Highcut (HC) Milky,Rp110.000,Bandung,Johnson Store,4.9,Terjual 750+,https://images.tokopedia.net/img/cache/200-square/VqbcmM/2021/11/19/669e29b6-c6f9-4cc7-ad8a-f327cd38c24f.jpg,https://ta.tokopedia.com/promo/v1/clicks/8a-xgVY2gmUEH_HO6AydoAjFbm-xgVY789CBUsthbm-Orfua9fBjUstiHmUDUSz2Q31i6sJf6_JaHAHaoAjDUMoFyaUEopnFbm-FQRo2PcB5QiUEH_JDUMVDgaUEUSo7QuYDHOYDHBYDHZUDUMNOQ3-BrBY5gBYxgIHi6sUFbm-XP3Oig9-wy3zp9R-BrZUEHsnDUMoxPVY2gIHi6BDhop1NbAJdHAnDH_K7ou7DUMNwyfVXgcBjy9zB9fVjraUEH_eabm-xyBY7g9o7Usti_iUDUSC5rRzwy3hSUstiyRCs9RotQRCwP3NhUiFiPMuarfB5QiUEUSyaUiFiy3zwrfo5rM1i6seO6mdaHAK7o_1OoAKaHsnRomFirpowQcYSUstig9BGqMzUZMggQj2fgAo6QJBkQfBoe7BpZ3O6HcoD692qu7gN3_-Sq1Y2Z_-HqMDF_jzzHJNJ1_C6zVJF_jzzHJN_Z9o-Q9zDguxjPMoW1MgsHjNfyfOuq1Y2Z9P-q9P2yM7NPujau3Bvq1BN_OzsPOjazMBqq_V2392-H7h11MOqQuB7_7zcqJNAHIBvuOVR__-oH7Ok39xvz7u2_JoGPMoWQcNxupuM3jP3POKaQcW-qMY2_1o-r7BW69BxufzFyMFNPfoW63Wju7dF3A-Dq7BkQfBoe7BpZ37N83V9gICiQABEy1rNPOKaQcW-qMY2_1o-r7BXzsVq3JtO3AoZqVtp_3Bvq12p_3OdPMep8AxizJ2M_uzSP7OU8AxizJgpysoj6cgIPR2y8j17_jz36cgU_sCi3IKd3_--q1hAZS2gHsBN3ByNq3oW6_osHBu2_fB-81Y1gRuoqj1F_S2-HjNE__uvucHO_Ozzq1hAZS2gHsBN3ByN8B29zSBgHMP2_fB-8jNEyRuvuVuN_uzsH7NkqpovzVVd_7oG6ZUDUMoDP9o7g9-wq3zwPsUi6sU7oAe7bm-sy9zBgfYa8uYpP3PSg9o79fV7PI-2ySu7gZUE3aUh6AnFUiFiH_jFoZUDUsJdoA1ibmUh6_ndUiFiH_KOHmUDUsJdoAyibmUh6AedUB7DUSCaq3oB9f-2gmUEopnFbm-SQfVD9fBjUstabm-Mq3NxQVYag3hay3N09fVjrfo5rM1i6syaoidfH_nfo_ydoAH76_Upbm-hP3ua8uYag3hay3N09RosQR-BUstFbsyfo_n7osU7HAe7oAHRoAPY?ob=23&management_type=2&t=desktop&src=search&is_search=1&pub_unit=0&pub_id=0&pub_domain=0&r=https%3A%2F%2Fwww.tokopedia.com%2Fjohnsonstore%2Fsepatu-sneakers-johnson-basic-highcut-hc-milky-35%3FextParam%3Divf%253Dfalse%26src%3Dtopads&keywords=sepatu&dv=desktop&page=1
SEPATU ONITSUKA TIGER ORIGINAL BLUE GLOW VINTAGE,Rp765.000,Jakarta Selatan,Syahlashoes_jkt11,5.0,Terjual 1,https://images.tokopedia.net/img/cache/200-square/hDjmkQ/2022/12/6/c88546fd-2896-4c97-9ea0-3f09ffbad288.jpg,https://ta.tokopedia.com/promo/v1/clicks/8a-xgVY2gmUEH_rRH_H76AyRbm-xgVY789CBUsthbm-Orfua9fBjUstiHmUDUSz2Q31i6sJf6_JaHAHaoAjDUMoFyaUEH_nFHmFircYpq9z2Qfdi6sJabm-xQcri6i-pPcOwQAowQA-wQAJibm-XP3Oig9-wQfgwy3zpUstaHmFiQSuWyMua9fVjrOYag9Ji6sUFbm-sy9zwq3zpUs2QH_rO6ZFh6AnFbAJdoAuPbm-X9foxQMz2gcV7guYxgIHi6sJ7HiFiy3-wPcupPmUEUjdibm-FQRo79fVDgaUEUMoFyOYpqcYF9RuXrZUDUSgBrSo2Qfdi6i-fHiUDUMVj9RosQR-BUst7opJXH_y7HsjaHAHfopjNHaFirpowQcYSUstig9BGqMzUZMggQj2fgAo6QJBkQfBoe7BpZ3O6HcoD692qu7gN3_-Sq1Y2Z9B617BpZ3O7QcuygIgsQu-Myp-6PMoWu3Bvq1BRZ3BRq3-W69ugHBu2_fB-81Y1yRPgHjg23MjhquBEZ_oHuV-W3MOgPJYJzMx6epCN_OPzP77a__ooqBBd_7PVq1hAZSgsQ3hXyurOgB2IuSPyHMh0Z325q1OAZ9o-Q_BNyuPjrc-D69PsQ_B0gVP6HVKaQcW-qMY2_1o-r7BW69BxufzFyMFN8MVI69PyHMh0Z325q1OAZ9o-Qjyh3BxGouKp1MxqH7O2_fBGr7OW8IgjHRKdyjzGgjO1gRPoZIKdyjzcrfUpgAxMzRPE3I2VoJNJusxMZJdFyBxd6VjaZ3BHe72E3_UN8u2363BsQ_jpyp-uq1Y2Z9BvzcoO_uzzP7Y1Z_Vo8MD7_jzz81OE_3BHe72E3_UN8u23692qu7gN3_-Sq1Y2Z92vzcPO_M2ooJNE3_uoqB1O_OzgH1NkyfBM1_7YUiFiyfhOrRzBrBY2gVYfHiUEH_UdoZFiyfV7g3P5rSBwrRuSgfupPVYxPIzaq3-OPc1i6BDiH_KFHmUDUsJNHA1ibmUh6AeOUiFiH_jF6mUDUsJdo_nibmUh6AefUiFiH_K76m-Pbm-FrMBsguYiq3ei6sJFHAnDUMP5y3hwq3ei6sUDUMg2QMVD9R-BQI-xQMWwy3zpyfYagZUEosJNbsyd6A1hHAUhH_K76AeDUSVOg9-N9R-BQI-xQMWwrfo5rM1i6snXo_HFoA1fH_ra6AyNHAjRo97?pub_id=0&ob=23&r=https%3A%2F%2Fwww.tokopedia.com%2Fsyahlashoesjkt11%2Fsepatu-onitsuka-tiger-original-blue-glow-vintage-bluevintage-39%3FextParam%3Divf%253Dfalse%26src%3Dtopads&pub_domain=0&dv=desktop&pub_unit=0&management_type=1&src=search&keywords=sepatu&page=1&t=desktop&is_search=1
SEPATU BOOTS PRIA AZCOST ALLISON ORIGINAL,Rp427.700,Bandung,azcost collection,4.8,Terjual 80+,https://images.tokopedia.net/img/cache/200-square/VqbcmM/2023/7/29/4225666b-5bbf-4870-9226-f8524568e0e2.jpg,https://ta.tokopedia.com/promo/v1/clicks/8a-xgVY2gmUEH_ja6_jaoAHpbm-xgVY789CBUsthbm-Orfua9fBjUstiHmUDUSz2Q31i6sJf6_JaHAHaoAjDUMoFyaUE6_nFbm-FQRo2PcB5QiUEH_HDUMVDgaUEUSo7QuYDHOYDHBYDHZUDUMNOQ3-BrBY5gBYxgIHi6sUFbm-XP3Oig9-wy3zp9R-BrZUEHsnDUMoxPVY2gIHi6BDhop1NbAJdHAnDH_K76V7DUMNwyfVXgcBjy9zB9fVjraUEH_eabm-xyBY7g9o7Usti_iUDUSC5rRzwy3hSUstiyRCs9RotQRCwP3NhUiFiPMuarfB5QiUEUSyaUiFiy3zwrfo5rM1i6seOoidR6AJh6AyNHsrRHpHabm-pHOYDQfri6i-B812kgJxGgBBXZSgjH7NDZ325q1Y_oIPvuJJO_1z0P7Y1e_uozcWR_Oz-q1hAZM2jZJ2Myp-3qcoW_MY-qMY2_3j781NEZ_ooqMoN_S2-H7OkyRB68jO2_JoGrB2yQAoiH7203Ao6qMUpZMh-qMY2_1o-r7BWo9giQ1NDZ325q1Okqpooz7Nt33OgPVBW_9B68_nF3MOqQ1h1gRxguVV7_32Dq7OJ_M268jja_uztqJB2PfBiH72F3s-DPuKa1MhszsBF3jo-ojBke3BHe72fyfODQMV9o3gsZJ2f3jx3qMzc69Cqe7jfZ32Cq1hAZSgsQ3hXyurOgMHaqIgszsBF3jo-ojBke3BHe72dgVP383u36_CgufzEZ325q3-JZSoiHfedgjPR8uxEz_zozJUdgjPR8c-I6_oMZIxp__Jd8JYJ1_zMZIxEgJrh6cgI_MB-q9P2yp-6PMoWuMggQj2fgAo6QJBkQfBo8j7p_c2SHJOJ__CoqjJp_Bzso1O1qfBHe72E3_UN8u23692qu7gN3_-Sq1Y2Z9268BBO_S2sHJYJqpz6zcDO_92SHjY1u3BM1_7YUiFiyfhOrRzBrBY2gVYfHiUEH_UaH_rDUMoxPcuSQR-N9RoOgfPBrRzwy9z7rMBiP9zBUs2QUsJdHAnibmUh6_nOUiFiH_K7oZUDUsJNHAKibmUh6A1FUiFiH_K7oiUDUsJdoAKi9ZFirI-2yfuwyMBjUstNHAnDUMP5y3hwq3ei6sUDUMg2QMVD9R-BQI-xQMWwy3zpyfYagZUEosJdbsjh6A1OoAJaH_yaHp1DUSVOg9-N9R-BQI-xQMWwrfo5rM1i6snXosJN6_JaosHhoAn7H_1O697?is_search=1&pub_unit=0&pub_domain=0&pub_id=0&keywords=sepatu&ob=23&src=search&page=1&management_type=1&t=desktop&dv=desktop&r=https%3A%2F%2Fwww.tokopedia.com%2Fazcost%2Fsepatu-boots-pria-azcost-allison-original-hitam-39%3FextParam%3Divf%253Dfalse%26src%3Dtopads
REISEN GEAR - MAKAW|sepatu safety sneaker blue navy sepatu safety,Rp263.999,Kab. Bandung Barat,REISEN GEAR OFFICIAL,4.9,Terjual 2 rb+,https://images.tokopedia.net/img/cache/200-square/VqbcmM/2021/7/6/efbf6f7a-ef53-4eab-ab97-73d5420fdc35.jpg,https://ta.tokopedia.com/promo/v1/clicks/8a-xgVY2gmUEH_HdopnFHAnRbm-xgVY789CBUsthbm-Orfua9fBjUstiHmUDUSz2Q31i6sJf6_JaHAHaoAjDUMoFyaUEo_nFbm-FQRo2PcB5QiUEH_eDUMVDgaUEUSo7QuYDHOYDHBYDHZUDUMNOQ3-BrBY5gBYxgIHi6sUFbm-XP3Oig9-wy3zp9R-BrZUEHsnDUMoxPVY2gIHi6BDhop1NbAJdHAnDH_K7ou7DUMNwyfVXgcBjy9zB9fVjraUEH_eabm-xyBY7g9o7Usti_iUDUSC5rRzwy3hSUstiyRCs9RotQRCwP3NhUiFiPMuarfB5QiUEUSyaUiFiy3zwrfo5rM1i6sefoadfHsURHpeOHA1RHA1Obm-pHOYDQfri6i-B812kgJxGgBBXZSgjH7NDZ325q1O2oIBoqjBN_32-81OkZ9BoqjBN_32-8jB2PfBgHO-N3Ao6QVByZM2xe7jfZ32VP7hkZ9B68jjp_32s81NEZ_ooqMoN_7o-r7BWPchB3czfyfOZgMHa_SgsQuu2_fB-P7B2PfBiQ_BO3_-uq1Y2Z9BvucoR3_-cqu22H3Bg8jjp_VzZQu2W39zvzJgt_jHF81Y919PoHj7p_32g8JYIz3BHe72fyfODQMV9o3gqzOgR3A-Dq7BkQfBoe7BpZ37N83V9gICiQABRyf7Nqfz9_sCyHMh0Z325q1OAZ9o-Q_BNyuPjrc-D692xzpBR3A-Dq7BkQfBoe7BpZ3NcHu2yZsuyHO-t3sooq1Y2ZSooQ9xfgAod6c-JZMgoucPR_1xd6c-JzSoiHfedgjPR8BxEz_z6zVydgjx6Hc-y8AxgHjB2_JoG8Bja69BqusB2yf7NHfHau3Bvq1BE_32SP1YJu_o68jBE_S2CoJOJz_-oqBV2_JoG8Bja69BqusBE3BPc8ujagfBvq1BE_7zuP1NEz_o6uJBE_S2sHjOE39B6e7tNUiFiyfhOrRzBrBY2gVYfHiUEHsnNoprDUMoxPcuSQR-N9RoOgfPBrRzwy9z7rMBiP9zBUs2QUsJdHAnibmUh6_nOUiFiH_K7oZUDUsJNHAKibmUh6A1FUiFiH_K7oiUDUsJdoAKi9ZFirI-2yfuwyMBjUstOHAnDUMP5y3hwq3ei6sUDUMg2QMVD9R-BQI-xQMWwy3zpyfYagZUEosJfbsKRHAe7Hs1d6_HOosHDUSVOg9-N9R-BQI-xQMWwrfo5rM1i6snXo_KdHpUOHsKf6_nfHpKa697?pub_id=0&src=search&management_type=1&ob=23&r=https%3A%2F%2Fwww.tokopedia.com%2Freisen-gear-official%2Freisen-gear-makaw-sepatu-safety-sneaker-blue-navy-sepatu-safety-39%3FextParam%3Divf%253Dfalse%26src%3Dtopads&pub_domain=0&keywords=sepatu&pub_unit=0&page=1&t=desktop&is_search=1&dv=desktop
"MINISO Sandal Wanita dan Pria EVA Rumah Slipper Sepatu Sendal Wanita - Light Blue, 37-38",Rp29.900,Dilayani Tokopedia,Miniso Indonesia,5.0,Terjual 1 rb+,https://images.tokopedia.net/img/cache/200-square/VqbcmM/2023/6/9/553b9f55-66a3-4ade-a0a5-5e7914267059.jpg,https://ta.tokopedia.com/promo/v1/clicks/8a-xgVY2gmUEH_jfop1popyhbm-xgVY789CBUsthbm-Orfua9fBjUstiHmUDUSz2Q31i6sJf6_JaHAHaoAjDUMoFyaUEop1Fbm-FQRo2PcB5QiUEH_1DUMVDgaUEUSo7QuYDHBYDHZUDUMNOQ3-BrBY5gBYxgIHi6sUFbm-XP3Oig9-wy3zp9R-BrZUEHsnDUMoxPVY2gIHi6BDhop1dbAJNHA1DH_jFoO7DUMNwyfVXgcBjy9zB9fVjraUEH_eabm-xyBY7g9o7Usti_iUDUSC5rRzwy3hSUstiyRCs9RotQRCwP3NhUiFiPMuarfB5QiUEUSyaUiFiy3zwrfo5rM1i6s176md7HsjFH_rNoArfH_HRbm-pHOYDQfri6i-B812kgJxGgBBXZSgjH7NDZ325q1O_oAu6qBuR_M2uH1OJZ9xvzJ7F_1zg8jB2PfBgHO-N3Ao6QVByZM2xe7jfZ32sP1NJe_o6zJJp_jzCH7NJe_o6zJJa_MB-r7BWPchB3czfyfOZgMHa_SgsQuu2_fB-P7B2PfBiQ_BO3_-uq1Y2Z9BvucoR3_-cqu22H3Bg8jjp_VzZQu2W39zvzJgt_jHF81Y919PoHj7p_32g8JYIz3BHe72fyfODQMV9o3gqzOgR3A-Dq7BkQfBoe7BpZ37N83V9gICiQABRyf7Nqfz9_sCyHMh0Z325q1OAZ9o-Q_BNyuPjrc-D692xzpBR3A-Dq7BkQfBoe7BpZ3NcHu2yZsuyHO-t3sooq1Y2ZSooQAxd_OzCH3gU8IooQ9xfgAod6c-JzSoiHfedgjx6Hc-y8AxgHjB2_JoG8Bja69BqusB2yf7NHfHau3Bvq1jF_1zVP1NJgRP6zVVN_320oJYJu9x6q1BpZ3N6qMUpZMhyH7ND3uxGqMVAZ_g-qBJh_3j78jNEe92vucrh_320HjO1gfBM1_7YUiFiyfhOrRzBrBY2gVYfHiUEoAJ76_jDUMoxPcuSQR-N9RoOgfPBrRzwy9z7rMBiP9zBUs2QUsJdHAnibmUh6_nOUiFiH_K7oZUDUsJNHAKibmUh6A1FUiFiH_K7oiUDUsJdoAKi9ZFirI-2yfuwyMBjUstRo_nDUMP5y3hwq3ei6sUDUMg2QMVD9R-BQI-xQMWwy3zpyfYagZUEosJ7bsrp6_eFoAyR6AURoaFir9uBrSBwrMuDrMVXqOYpyfYagZUEHmdhosydH_jp6_1ao_yRH_1Owe?keywords=sepatu&ob=23&is_search=1&pub_id=0&page=1&management_type=1&src=search&r=https%3A%2F%2Fwww.tokopedia.com%2Fminiso-official%2Fminiso-sandal-wanita-dan-pria-eva-rumah-slipper-sepatu-sendal-wanita-light-blue-37-38-f5150%3FextParam%3Divf%253Dfalse%26src%3Dtopads&t=desktop&pub_unit=0&dv=desktop&pub_domain=0
EIGER TIGER CLAW LOW CUT SHOES,Rp656.100,Jakarta Timur,Eiger Adventure Official,4.9,Terjual 250+,https://images.tokopedia.net/img/cache/200-square/VqbcmM/2021/6/17/9b8b05bd-a27f-423c-b226-36e23d134512.jpg,https://www.tokopedia.com/eigeradventure/eiger-tiger-claw-low-cut-shoes-abu-abu-40?extParam=ivf%3Dfalse%26src%3Dsearch
Sepatu Kodachi 8111 White Original,Rp115.000,Kab. Bandung,winnar_store,4.9,Terjual 100+,https://images.tokopedia.net/img/cache/200-square/VqbcmM/2022/9/8/ec67e48e-569a-4855-b28b-040061c21389.jpg,https://www.tokopedia.com/winnar-store/sepatu-kodachi-8111-white-original-37?extParam=ivf%3Dfalse%26src%3Dsearch
Sepatu Chef AP CHEF Hitam - Sepatu Dapur Anti Pisau,Rp135.000,Jakarta Barat,redshroom,4.9,Terjual 750+,https://images.tokopedia.net/img/cache/200-square/VqbcmM/2021/7/13/c7e5b125-cc97-423a-93fe-71c59a451e43.jpg,https://www.tokopedia.com/redshroom/sepatu-chef-ap-chef-hitam-sepatu-dapur-anti-pisau-38?extParam=ivf%3Dfalse%26src%3Dsearch
Sepatu Dragonfly White / Sneakers Warrior Falcon Putih Original,Rp149.900,Jakarta Barat,Sepatu Kodachi Warrior,4.9,Terjual 100+,https://images.tokopedia.net/img/cache/200-square/product-1/2021/3/23/8587100/8587100_f8090266-4199-4e6a-8a6c-66ea498405f3.jpg,https://www.tokopedia.com/kodachiwarrior/sepatu-dragonfly-white-sneakers-warrior-falcon-putih-original-38?extParam=ivf%3Dfalse%26src%3Dsearch
Ando Official Sepatu Sneakers Liam Pria Dewasa - Hitam/Putih,Rp132.800,Bekasi,Ando Official Store,4.9,Terjual 250+,https://images.tokopedia.net/img/cache/200-square/hDjmkQ/2023/1/19/5ac9e8e4-b90a-44f3-bc76-b73e6a82d367.jpg,https://www.tokopedia.com/ando-official/ando-official-sepatu-sneakers-liam-pria-dewasa-hitam-putih-40?extParam=ivf%3Dfalse%26src%3Dsearch
Prabu - Wibowo Black Sepatu Sneakers Kulit Pria-Hitam,Rp529.000,,,5.0,Terjual 8,https://images.tokopedia.net/img/cache/200-square/VqbcmM/2023/5/26/909986ec-fa92-401e-9253-6ba4e59cc0e4.jpg,https://www.tokopedia.com/prabuindonesia/prabu-wibowo-black-sepatu-sneakers-kulit-pria-hitam-42?extParam=ivf%3Dfalse%26src%3Dsearch%26whid%3D7377294
Prabu - Made White Tan Sepatu Sneakers Pria - Coklat,Rp599.000,,,5.0,Terjual 12,https://images.tokopedia.net/img/cache/200-square/VqbcmM/2022/11/17/81bad695-a45e-4537-821d-2e728f1d3adc.jpg,https://ta.tokopedia.com/promo/v1/clicks/8a-xgVY2gmUEH_rOo_HpopUdbm-xgVY789CBUsthbm-FQRo2PcB5QiUEHsrDUSz2Q31i6sJf6_JaHAHaoAjDUMoFyaUEH_nFHmFiy3zwrfo5rM1i6sUN6Zdd6AKaHAJNosJposKNoiFirpowQcYSUstig9BGqMzUZMggQj2fgAo6QJBkQfBoe7BpZ3O6HcoD692qu7gN3_-Sq1Y2Z9P-q9P2y_-3o3ea69BqzsBE3_UN8u2_Z_g-qjV2_JoGP3Uao32q17jfZ32qqJdau_Vqz722_VzjQ1Y919z6zOJa_9jhqu2W__-Hu7ud3uzmQJOk1_zqQujp_jo-r7BW69BxufzFyMFNqO2yeMgxuOV2_fB-P7B2PfBiH72F3s-DPuKpeSBiHBUh3_oZgMV913Bvq1BRZ3BRq3UpZSCqHMhO3Ao6QfUpeMgxuOV2_fB-P7B2PfBs3VgDyfNDgMzIzMNs81jfZ3B-r7BX_M2iH72D3A-G83UpgI2q17jfZ32-o1Y_oAzvzcPN_1zVo1Nkz926qMrO_MB-r7BX_M2iH72D3Ao6QVByZM2xe7jfZ32o81N2oIBozcDa_1zVH1YJqpu6uJJ7Z3dFvZUDUSupg9-wq3ei6iUFUiFiy3hSUstirfh5PIz2QMPwrfuxrMotUiFiQSuWyMua9fYM9fVjraUE6ZFiQSuWyMua9fVjrOYag9Ji6sedbm-sy9zwq3zpUs2QH_rO6ZFh6AnFbAJdoAuPbm-X9foxQMz2gcV7guYxgIHi6sjDUMVi9RzBrRei6i-6UiFircYpPVYxQcri6i-pQcY7PcBXgOYpg3VayfKibm-fg9-pq3YXUstiPsUibm-sQIupPcua9fBj9RyaUstNHAHfbm-2rOYj83NxQ3Bs9RoDQRz7q3NSUs27rSuBbm-FrMBsguYiq3ei6sJFHAnDUMP5y3hwq3ei6s-Y?dv=desktop&r=https%3A%2F%2Fwww.tokopedia.com%2Fprabuindonesia%2Fprabu-made-white-tan-sepatu-sneakers-pria-coklat-43%3Fsrc%3Dtopads&page=2&management_type=1&t=desktop&src=search_carousel
Sepatu Sneakers Converse chuck 70 ox low top black egret 162058C-DT,Rp940.000,,,4.9,Terjual 19,https://images.tokopedia.net/img/cache/200-square/VqbcmM/2022/11/1/e196bf6d-3543-4fc3-b3c6-66b025dbe4cf.jpg,https://www.tokopedia.com/ncrsport/sepatu-sneakers-converse-chuck-70-ox-low-top-black-egret-162058c-dt-35?extParam=ivf%3Dfalse%26src%3Dsearch
Sepatu Sneakers Puma x santa cruz suede shark black green 38190501-DT,Rp1.050.000,,,5.0,Terjual 23,https://images.tokopedia.net/img/cache/200-square/VqbcmM/2022/11/1/9c36eed4-46d0-4b45-83e7-fa870cb59408.jpg,https://www.tokopedia.com/ncrsport/sepatu-sneakers-puma-x-santa-cruz-suede-shark-black-green-38190501-dt-uk-9-43?extParam=ivf%3Dfalse%26src%3Dsearch%26whid%3D15596748
Sepatu Sneaker Pria Fuccino - RJT Sepatu Kasual New,Rp155.000,Jakarta Timur,RJT-Store,4.9,Terjual 500+,https://images.tokopedia.net/img/cache/200-square/VqbcmM/2022/10/14/a6899458-fcf1-4f5c-ba27-3b83013b987d.png,https://www.tokopedia.com/rjtstore/sepatu-sneaker-pria-fuccino-rjt-sepatu-kasual-new-hijau-43?extParam=ivf%3Dfalse%26src%3Dsearch
Sepatu REYL Bridge Original Pantofel Pria Casual Formal Kerja Kantor,Rp180.000,Bandung,WANFAR,4.9,Terjual 750+,https://images.tokopedia.net/img/cache/200-square/VqbcmM/2021/12/3/a5dc140e-208d-491b-8495-e4ed33ed7fe9.jpg,https://www.tokopedia.com/wanfar/sepatu-reyl-bridge-original-pantofel-pria-casual-formal-kerja-kantor-arionz-black-39?extParam=ivf%3Dfalse%26src%3Dsearch
Sepatu Boot Tinggi AP BOOTS AP TERRA FOREST - Sepatu Berkendara,Rp112.000,Jakarta Barat,redshroom,4.8,Terjual 100+,https://images.tokopedia.net/img/cache/200-square/VqbcmM/2021/9/21/436c95d3-2338-4dc1-8210-453a3167a27b.jpg,https://www.tokopedia.com/redshroom/sepatu-boot-tinggi-ap-boots-ap-terra-forest-sepatu-berkendara-41?extParam=ivf%3Dfalse%26src%3Dsearch
Aerostreet 40-43 Riku Putih Merah - Sepatu Sneakers Sport 21HH31,Rp159.900,Kab. Klaten,Aerostreet,4.8,Terjual 4 rb+,https://images.tokopedia.net/img/cache/200-square/VqbcmM/2023/1/2/a5cbefc1-214e-48dc-b674-40f573cb3d6c.jpg,https://www.tokopedia.com/aerostreet/aerostreet-40-43-riku-putih-merah-sepatu-sneakers-sport-21hh31-40?extParam=ivf%3Dtrue%26src%3Dsearch
Sepatu pantofel pria sepatu pantopel pria sain paul,Rp55.000,Jakarta Timur,Sain_Olshop,4.8,Terjual 2 rb+,https://images.tokopedia.net/img/cache/200-square/VqbcmM/2021/10/21/54e078d0-8d8c-49db-8d7c-8b0d176ad475.jpg,https://www.tokopedia.com/sainolshop/sepatu-pantofel-pria-sepatu-pantopel-pria-sain-paul-4-kickers-tali-41?extParam=ivf%3Dfalse%26src%3Dsearch
Spotec Sepatu Student Brian Hitam - Hitam,Rp239.415,Jakarta Utara,Spotec Official Store,4.9,Terjual 250+,https://images.tokopedia.net/img/cache/200-square/VqbcmM/2023/3/3/b9d8c3bc-2cfd-48db-af4b-6f8d2cb5b054.png,https://www.tokopedia.com/spotec/spotec-sepatu-student-brian-hitam-hitam-37?extParam=ivf%3Dfalse%26src%3Dsearch
SEPATU FULL BLACK / SEPATU SEKOLAH HITAM / SEPATU PRO ATT ORIGINAL,Rp109.800,Tangerang,stylesocks_id,4.9,Terjual 250+,https://images.tokopedia.net/img/cache/200-square/VqbcmM/2022/9/8/10b6783f-6cc6-46c3-bb40-b1fe05ff4697.jpg,https://www.tokopedia.com/stylesocks/sepatu-full-black-sepatu-sekolah-hitam-sepatu-pro-att-original-pi-600-41?extParam=ivf%3Dfalse%26src%3Dsearch
SKRCHERS GOWALK MAX TALI/SKECHERS PRIA/SEPATU PRIA/SNEAKERS PRIA,Rp310.000,Jakarta Pusat,KMD Sneakers,4.8,Terjual 90+,https://images.tokopedia.net/img/cache/200-square/VqbcmM/2020/7/31/f04209f0-9bca-4cf3-98a6-fc6fd7e49768.jpg,https://www.tokopedia.com/kmdsneakers/skrchers-gowalk-max-tali-skechers-pria-sepatu-pria-sneakers-pria?extParam=ivf%3Dfalse%26src%3Dsearch
Sepatu Sneakers Pria Casual Kasual Cowok Original NAZ - HARRISON BLACK,Rp199.000,Kab. Bandung,sepatulokalid,4.8,Terjual 1 rb+,https://images.tokopedia.net/img/cache/200-square/VqbcmM/2022/4/8/36067f14-0d14-4534-b396-52922e1cce76.png,https://www.tokopedia.com/sepatulokalid/sepatu-sneakers-pria-casual-kasual-cowok-original-naz-harrison-black-39?extParam=ivf%3Dfalse%26src%3Dsearch
Sepatu Tactical PDL TNI POLRI Sepatu Safety Boots Militer Kariblues,Rp174.000,Kab. Bandung,Kariblues,4.8,Terjual 100+,https://images.tokopedia.net/img/cache/200-square/VqbcmM/2022/9/15/275af2b6-dcb2-4a0c-adf0-dbda74b04798.jpg,https://www.tokopedia.com/rcm-1/sepatu-tactical-pdl-tni-polri-sepatu-safety-boots-militer-kariblues-hitam-39?extParam=ivf%3Dfalse%26src%3Dsearch
ORTUSEIGHT SEPATU SNEAKERS HARVARD BLACK WHITE ORTUS ORIGINAL BNIB,Rp279.000,Jakarta Pusat,Cross Sport,4.9,Terjual 16,https://images.tokopedia.net/img/cache/200-square/VqbcmM/2022/11/17/f96327ad-c93f-4723-a06c-af19038a9e22.jpg,https://www.tokopedia.com/cross-sport/ortuseight-sepatu-sneakers-harvard-black-white-ortus-original-bnib?extParam=ivf%3Dfalse%26src%3Dsearch
Sepatu PDH Polisi Polri Tni Security Satpam Dinas Kerja,Rp120.000,Jakarta Pusat,Vilutte Safety,5.0,Terjual 100+,https://images.tokopedia.net/img/cache/200-square/VqbcmM/2022/12/6/e5204402-981e-479d-b47c-2739a2eda7ca.jpg,https://www.tokopedia.com/viluttesafety/sepatu-pdh-polisi-polri-tni-security-satpam-dinas-kerja-38?extParam=ivf%3Dfalse%26src%3Dsearch
Sepatu Slip on Pria Ardiles Courtney original 38-44,Rp62.900,Jakarta Barat,Corazone Bags,4.8,Terjual 3 rb+,https://images.tokopedia.net/img/cache/200-square/VqbcmM/2021/9/17/d064f34b-0375-43c2-b81a-6865ba02cd17.jpg,https://www.tokopedia.com/corazonebags/sepatu-slip-on-pria-ardiles-courtney-original-38-44-biru-38?extParam=ivf%3Dfalse%26src%3Dsearch
Sepatu Sneaker Casual Hitam Putih Polos Pria Force AF1 Black White,Rp145.000,Jakarta Selatan,johnsport,4.8,Terjual 500+,https://images.tokopedia.net/img/cache/200-square/VqbcmM/2022/8/17/6f25f9dc-b77c-46a6-a6c1-6b1552a3f29c.jpg,https://www.tokopedia.com/johnsportss/sepatu-sneaker-casual-hitam-putih-polos-pria-force-af1-black-white-putih-hitam-36?extParam=ivf%3Dfalse%26src%3Dsearch
[ORIGINAL] SEPATU COMPASS GAZELLE LOW WHITE BLUE,Rp408.000,Jakarta Selatan,Tijoepass,5.0,Terjual 50+,https://images.tokopedia.net/img/cache/200-square/VqbcmM/2022/12/18/7b8a4fe2-ad5f-4205-9666-3d748cf3a424.jpg,https://www.tokopedia.com/tijoepass/original-sepatu-compass-gazelle-low-white-blue-iklan?extParam=ivf%3Dfalse%26src%3Dsearch
Aerostreet 37-44 Osaka All Black - Sepatu Sneakers Sport,Rp145.900,Kab. Klaten,Aerostreet,4.9,Terjual 3 rb+,https://images.tokopedia.net/img/cache/200-square/VqbcmM/2023/7/24/d82071f4-e6a9-47d1-8588-336f59b7dd69.jpg,https://www.tokopedia.com/aerostreet/aerostreet-37-44-osaka-all-black-sepatu-sneakers-sport-41?extParam=cmp%3D1%26ivf%3Dtrue%26src%3Dsearch
Ando Official Sepatu Sneakers Evald Jt Pria Dewasa - Hitam/Hitam,Rp137.780,Bekasi,Ando Official Store,5.0,Terjual 90+,https://images.tokopedia.net/img/cache/200-square/hDjmkQ/2023/4/12/3aba0f5a-0b66-441c-b330-438fd17c07a5.jpg,https://www.tokopedia.com/ando-official/ando-official-sepatu-sneakers-evald-jt-pria-dewasa-hitam-hitam-41?extParam=ivf%3Dfalse%26src%3Dsearch
SEPATU SAFETY CAT UJUNG BESI BIG SIZE 38 39 40 41 42 43 44 45 46 47 48,Rp130.000,Kab. Bandung,azkacollection2004,4.8,Terjual 500+,https://images.tokopedia.net/img/cache/200-square/VqbcmM/2021/10/21/23d9217b-0957-45c2-9134-e27e65f895eb.png,https://www.tokopedia.com/azkacollection2004/sepatu-safety-cat-ujung-besi-big-size-38-39-40-41-42-43-44-45-46-47-48-38?extParam=ivf%3Dfalse%26src%3Dsearch
SEPATU ANDO HITAM POLOS UNTUK SEKOLAH / SEPATU FULL BLACK ORIGINAL,Rp109.800,Tangerang,Toko Abadi Shoes,4.8,Terjual 50+,https://images.tokopedia.net/img/cache/200-square/VqbcmM/2023/5/19/9252cbbc-cddb-47db-9cbf-6e5045993a37.jpg,https://www.tokopedia.com/tokoabadishoes/sepatu-ando-hitam-polos-untuk-sekolah-sepatu-full-black-original-hitam-putih-34-57605?extParam=ivf%3Dfalse%26src%3Dsearch
Sepatu Capung Kodachi- 8172-Navy Sneakers Pria Original Casual Classic,Rp130.000,Jakarta Barat,Sepatu Kodachi Warrior,4.9,Terjual 100+,https://images.tokopedia.net/img/cache/200-square/product-1/2020/7/6/103465438/103465438_81b16e68-c2ce-4a51-bcd9-93746b5548b0_548_548,https://www.tokopedia.com/kodachiwarrior/sepatu-capung-kodachi-8172-navy-sneakers-pria-original-casual-classic-37?extParam=ivf%3Dfalse%26src%3Dsearch
SEPATU JBS SAFETY SNEAKERS 7911 / SEPATU SAFETY PROYEK PABRIK,Rp299.900,Jakarta Barat,BUBUU 889,5.0,Terjual 28,https://images.tokopedia.net/img/cache/200-square/VqbcmM/2023/3/18/649a75cc-5f74-408e-9a66-0375579c3e05.jpg,https://www.tokopedia.com/bubuu889/sepatu-jbs-safety-sneakers-7911-sepatu-safety-proyek-pabrik-37-abu-abu?extParam=ivf%3Dfalse%26src%3Dsearch
"Sneakers MIZUNO Pria ,Wanita .Sepatu Olahraga,Sporty Premium Import",Rp115.000,Kab. Tangerang,ALASCA SPORT,4.8,Terjual 100+,https://images.tokopedia.net/img/cache/200-square/VqbcmM/2022/11/20/43ee3f6c-2797-4137-9f02-686930e45788.jpg,https://www.tokopedia.com/alaskasportstore/sneakers-mizuno-pria-wanita-sepatu-olahraga-sporty-premium-import-39-nevy?extParam=ivf%3Dfalse%26src%3Dsearch
Sepatu Warrior Sparta High Black / White (BW) Original,Rp95.000,Bandung,3dcasses,5.0,Terjual 250+,https://images.tokopedia.net/img/cache/200-square/product-1/2020/8/10/96553055/96553055_9cc9ad12-f72e-4618-8a78-b2c2f5f2d729_700_700,https://www.tokopedia.com/3dcasses/sepatu-warrior-sparta-high-black-white-bw-original-putih-39?extParam=ivf%3Dfalse%26src%3Dsearch
Sepatu Boot Tinggi AP Boots AP ULTIMATE 2015 HITAM TANGGUH FLEKSIBEL,Rp113.900,Jakarta Barat,redshroom,4.9,Terjual 2 rb+,https://images.tokopedia.net/img/cache/200-square/VqbcmM/2021/4/30/7ac1231c-00b3-40f2-86e6-411d8d4b9374.jpg,https://www.tokopedia.com/redshroom/sepatu-boot-tinggi-ap-boots-ap-ultimate-2015-hitam-tangguh-fleksibel-39?extParam=ivf%3Dfalse%26src%3Dsearch
Sepatu Ventela x Evil x Papa Gading All is Well Low Black Original,Rp599.800,Jakarta Pusat,Sepatuku Ori,4.9,Terjual 250+,https://images.tokopedia.net/img/cache/200-square/VqbcmM/2021/3/26/dc653925-b4d7-480e-8d74-adc709be0712.png,https://www.tokopedia.com/sepatuku--/sepatu-ventela-x-evil-x-papa-gading-all-is-well-low-black-original-39?extParam=ivf%3Dfalse%26src%3Dsearch
Sepatu Pria Cowok Aktivitas Luar Ruangan Kerja Kebun Pantai Tahan Air,Rp124.000,Kab. Sidoarjo,Wilone Official,4.8,Terjual 1 rb+,https://images.tokopedia.net/img/cache/200-square/VqbcmM/2022/7/8/8994e2bc-b197-468b-8b32-a67c15c43ce0.jpg,https://www.tokopedia.com/wiloneofficial/sepatu-pria-cowok-aktivitas-luar-ruangan-kerja-kebun-pantai-tahan-air-outdoor3-abu-42?extParam=ivf%3Dfalse%26src%3Dsearch
Sepatu Ventela Public Low Black Original Sneakers Pria Wanita Terlaris,Rp125.000,Jakarta Selatan,Al Fazza Shoes,4.7,Terjual 80+,https://images.tokopedia.net/img/cache/200-square/VqbcmM/2023/1/17/bbd90e45-6ec6-43fc-8b82-3576479d66ab.jpg,https://www.tokopedia.com/alfazzashoes-1/sepatu-ventela-public-low-black-original-sneakers-pria-wanita-terlaris-36?extParam=ivf%3Dfalse%26src%3Dsearch
EAGLE MONZA SEPATU LIFESTYLE CASUAL ORIGINAL,Rp218.322,Jakarta Barat,Silqueen Shop,4.6,Terjual 17,https://images.tokopedia.net/img/cache/200-square/VqbcmM/2023/4/16/b622240b-92cd-4298-8c5b-0c8bbab0d159.jpg,https://www.tokopedia.com/silqueen/eagle-monza-sepatu-lifestyle-casual-original-hitam-putih-40?extParam=ivf%3Dfalse%26src%3Dsearch
Ardiles Men Hauroko Sepatu Running - Biru Navy,Rp130.000,Kab. Serang,Ardiles Official Store,4.8,Terjual 40+,https://images.tokopedia.net/img/cache/200-square/product-1/2020/7/1/19056971/19056971_a5eb059e-5da8-4d45-901c-bf756c9c9c27_600_600,https://www.tokopedia.com/ardiles/ardiles-men-hauroko-sepatu-running-biru-navy-biru-navy-44?extParam=ivf%3Dfalse%26src%3Dsearch
Sepatu Pdl Kulit Tni Polri Full Kulit Tali Putar Brotrher New Gen 8,Rp649.900,Kab. Bandung,SEPATU PDL BROTRHER,4.9,Terjual 100+,https://images.tokopedia.net/img/cache/200-square/VqbcmM/2022/3/25/03846f56-7b44-41da-9600-f98082c0d4c0.jpg,https://www.tokopedia.com/brotrherboot/sepatu-pdl-kulit-tni-polri-full-kulit-tali-putar-brotrher-new-gen-8-42?extParam=ivf%3Dfalse%26src%3Dsearch
Sepatu Boots AP MEDIC Hijau - Sepatu APD Medis,Rp215.000,Jakarta Barat,redshroom,4.9,Terjual 70+,https://images.tokopedia.net/img/cache/200-square/VqbcmM/2021/7/17/215f9599-1878-441b-b071-8ae16a265957.jpg,https://www.tokopedia.com/redshroom/sepatu-boots-ap-medic-hijau-sepatu-apd-medis-39?extParam=ivf%3Dfalse%26src%3Dsearch
Sepatu Nike Sb Nyjah Free 2 Lakers DA3439-100,Rp479.500,Jakarta Selatan,motherspray,4.8,Terjual 21,https://images.tokopedia.net/img/cache/200-square/VqbcmM/2022/7/8/005a149c-0481-4cfd-a5fe-7b00b227a583.jpg,https://www.tokopedia.com/motherspray1/sepatu-nike-sb-nyjah-free-2-lakers-da3439-100?extParam=ivf%3Dfalse%26src%3Dsearch
Sepatu Compass Retrograde Low,Rp510.999,Jakarta Selatan,Elsyz ID,5.0,Terjual 80+,https://images.tokopedia.net/img/cache/200-square/VqbcmM/2023/7/18/3ec5745e-8d37-470f-93d6-fb36837128db.jpg,https://www.tokopedia.com/elsyzid/sepatu-compass-retrograde-low-line-dusk-41?extParam=ivf%3Dfalse%26src%3Dsearch
Aerostreet 37-44 Dunk Putih Abu Muda - Sepatu Sneakers Sport,Rp149.900,Kab. Klaten,Aerostreet,4.8,Terjual 1 rb+,https://images.tokopedia.net/img/cache/200-square/VqbcmM/2023/7/22/4ad4d9ac-3bcb-445b-864c-b9cca2515f70.jpg,https://www.tokopedia.com/aerostreet/aerostreet-37-44-dunk-putih-abu-muda-sepatu-sneakers-sport-39?extParam=ivf%3Dtrue%26src%3Dsearch
Sepatu Pantofel Karet Pria ATT AWK 557 Hitam - Coklat Muda -Coklat Tua,Rp38.000,Jakarta Timur,Central Safety,4.7,Terjual 100+,https://images.tokopedia.net/img/cache/200-square/VqbcmM/2021/8/26/9596e3e7-35ed-427b-9dc1-75a64f1ffb64.jpg,https://www.tokopedia.com/centralsafety/sepatu-pantofel-karet-pria-att-awk-557-hitam-coklat-muda-coklat-tua?extParam=ivf%3Dfalse%26src%3Dsearch
Redknot Miter Navy Sepatu Slip On Pria Murah,Rp125.900,Jakarta Timur,Redknot,4.8,Terjual 250+,https://images.tokopedia.net/img/cache/200-square/VqbcmM/2022/11/23/7d1c7004-d1c0-4e9b-a47f-8d611de837b0.png,https://ta.tokopedia.com/promo/v1/clicks/8a-xgVY2gmUEH_Jho_1p6_KRbm-xgVY789CBUsthbm-Orfua9fBjUstiHmUDUSz2Q31i6sJf6_JaHAHaoAjDUMoFyaUEopnFbm-FQRo2PcB5QiUEH_yDUMVDgaUEUSo7QuYDHOYDHBYDHZUDUMNOQ3-BrBY5gBYxgIHi6sUFbm-XP3Oig9-wy3zp9R-BrZUEHsnDUMoxPVY2gIHi6BDhop1NbAJdHAnDH_K7oB7DUMNwyfVXgcBjy9zB9fVjraUEH_eabm-xyBY7g9o7Usti_iUDUSC5rRzwy3hSUstiyRCs9RotQRCwP3NhUiFiPMuarfB5QiUEUSyaUiFiy3zwrfo5rM1i6seRoidOopydoAyhH_1popKObm-pHOYDQfri6i-B812kgJxGgBBXZSgjH7NDZ325q1NNoA-vuJBE_1zsHjY1Z92ozcHa_Oz-H1B2PfBgHO-N3Ao6QVByZM2xe7jfZ32sP1N1Z_-vzcPd_S2-P7NJ_9PouJJ7Z3BRq3JausujHsBN3jyN8Bja69Bq17jfZ32Cq1hAZSuiHsuk3Bo-ojBkZ_u68j-k3uPGQ1h9ZM2oqMo7_jPqQu22HAzou71F_Vz-ou2Je92g8MoN_M2VoVB_Z9o-Q_BNyuPjrc-D63Wq3J-MyuPzq1Y2Z9P-q9P2ysoGrVtaQIuyH7-Nys-ZHujp1MgxuOV2_fB-P7B2PfBiH72F3s-DPuKp_MYiH7-MyuPzq1Y2Z9P-q9P2yOx3QcoXQcgjz7gXyRB-ojBWPRBizpjpgjxdr7OD6IxvzJVRgjxdr7O98IgjHRKdyjz6gjO1gpC6QSKdypoZPcgU8c2gq1BpZ3N6qMUpZMhyHj2Nysoj8B2_Z_g-qjOE_BH78JOkqpovzJOR_S20P7Y1Z_u-q9P2yp-6PMoWuMgsHBgtyfO6Q7BkQfBo8MWE_c2VP7OE_9Poucr7_OzzHjOk1_C-QsnYUiFiyfhOrRzBrBY2gVYfHiUE6AH7HmFiyfV7g3P5rSBwrRuSgfupPVYxPIzaq3-OPc1i6BDiH_KFHmUDUsJNHA1ibmUh6AeOUiFiH_jF6mUDUsJdo_nibmUh6AefUiFiH_K76m-Pbm-FrMBsguYiq3ei6srFHmFigfYxQVY2gmUEHiFigMBXy3hwrMuDrMVXqOYxgIosQR-BUstfH_UX6AnOHsJR6AyR6_ra6ZFir9uBrSBwrMuDrMVXqOYpyfYagZUEHmdOHAJf6_1pHAJFHpUR6_nhwe?t=desktop&ob=23&management_type=1&pub_unit=0&keywords=sepatu&r=https%3A%2F%2Fwww.tokopedia.com%2Fredknotid%2Fredknot-miter-navy-sepatu-slip-on-pria-murah-biru-41%3FextParam%3Divf%253Dfalse%26src%3Dtopads&pub_domain=0&src=search&pub_id=0&page=1&dv=desktop&is_search=1
BRODO - Sepatu Vulcan Hi Olive Black BS,Rp255.000,Bandung,BRODO OFFICIAL STORE,4.9,Terjual 1 rb+,https://images.tokopedia.net/img/cache/200-square/VqbcmM/2023/2/14/48488ab6-7fe8-435e-a7b4-9786587892d6.jpg,https://ta.tokopedia.com/promo/v1/clicks/8a-xgVY2gmUEos1aoAJR6A1DUMVj9RzNrc1i6sJDUSupg9-wq3ei6iUFUiFiPcBWgZUEH_yNH_UFHpU76ZFiyRCsUstdHAnDUSC5rfB7q3YXUsthoaFiy3hSUstirRzW9fFp9fFa9fFhUiFiQSuWyMua9fYM9fVjraUEHsnDUMNOQ3-BrBYxgIowrMuhUstaHmFiyfV79fBjraUE3pJRo_jDH_KFHmFh6AeO9ZFiQBYsy3Njq3zxPcuwy3zpUsthoAUDUMVi9RzBrRei6i-6UiFircYpPVYxQcri6i-srcowrfx5rVYOQSJibm-fg9-pq3YXUstiPsUibm-xgVYpyfYagZUEoAyFbsn7HAHf6AHf6_yRoAHDUSHp9fh5gaUEUMuNZM2jZJ2M33NGPMep_Mh-qMY2_3j7HjNEgpV68j1F_32SH1NEz_CoqMrFZ3BRqujp1SByH7ND3uxGqMVAZ_g-qjuO_S2-HJO1__ovuJOd_1zoHJNJgRB681BpZ3O7QcuygIgsQu-Myp-6PMoWu3Bvq1BRZ3BRq3-W69ugHBu2_fB-81Y1yRPgHjg23MjhquBEZ_oHuV-W3MOgPJYJzMx6epCN_OPzP77a__ooqBBd_7PVq1hAZSgsQ3hXyurOgB2IuSPyHMh0Z325q1OAZ9o-Q_BNyuPjrc-D69PsQ_B0gVP6HVKaQcW-qMY2_1o-r7BW69BxufzFyMFN8MVI69PyHMh0Z325q1OAZ9o-Qjyh3BxGouKp1MxqH7O2_fBGr7OW8IgjHRKdyjzGgjO1gRPoZIKdyjzcrfUpgAxMzRPE3I2VoJNJusxMZJdFyBxd6VjaZ3BHe72E3_UN8u2363BsQ_jpyp-uq1Y2Z92o8juO_32sHJY1Z_ovucH7_7z0o1NEyfBHe72E3_UN8u23692qu7gN3_-Sq1Y2Z9268MWO_jzg8jOkZ_-68jBE_92VH7NEu3BM1_7YUiFiyfhOrRzBrBY2gVYfHiUEHse7oAeDUMoxPcuSQR-N9RoOgfPBrRzwy9z7rMBiP9zBUs2QUsJdHAnibmUh6_nOUiFiH_K7oZUDUsJNHAKibmUh6A1FUiFiH_K7oiUDUsJdoAKi9ZFirI-2yfuwyMBjUstdHAnDUMP5y3hwq3ei6sUDUMg2QMVD9R-BQI-xQMWwy3zpyfYagZUEosJhbs1h6ArfoArFHAU76ZFir9uBrSBwrMuDrMVXqOYpyfYagZUEHmdOopKOoAHNHpJhHsUpopJNwe?pub_unit=0&t=desktop&src=search&is_search=1&dv=desktop&r=https%3A%2F%2Fwww.tokopedia.com%2Fbrodo%2Fbrodo-sepatu-vulcan-hi-olive-black-bs-40%3FextParam%3Divf%253Dfalse%26src%3Dtopads&keywords=sepatu&management_type=1&pub_domain=0&page=1&pub_id=0&ob=23
Sepatu Pria Dr Martens 3989 Black Smooth Leather Brogue Original BNIB,Rp1.108.250,Jakarta Selatan,Syahlashoes_jkt11,,Terjual 1,https://images.tokopedia.net/img/cache/200-square/hDjmkQ/2023/6/7/517c6abe-e18b-4bab-9f67-273586b4c3a0.jpg,https://ta.tokopedia.com/promo/v1/clicks/8a-xgVY2gmUEH_j76AnaHp1Fbm-xgVY789CBUsthbm-Orfua9fBjUstiHmUDUSz2Q31i6sJf6_JaHAHaoAjDUMoFyaUE6AnFbm-FQRo2PcB5QiUEH_KDUMVDgaUEUSo7QuYDHOYDHBYDHZUDUMNOQ3-BrBY5gBYxgIHi6sUFbm-XP3Oig9-wy3zp9R-BrZUEHsnDUMoxPVY2gIHi6BDhop1NbAJdHAnDH_K7ou7DUMNwyfVXgcBjy9zB9fVjraUEH_eabm-xyBY7g9o7Usti_iUDUSC5rRzwy3hSUstiyRCs9RotQRCwP3NhUiFiPMuarfB5QiUEUSyaUiFiy3zwrfo5rM1i6sef6ZdFH_Jao_e7HprpoAH7bm-pHOYDQfri6i-B812kgJxGgBBXZSgjH7NDZ325q1OAZ9o-Q1dFyfFN8B29zSBgHMP2_fB-8JOJe3BHe72a3BxDHfUpZMWyH7NkysoGQJBkQfBoe7BpZ37OPM-W_Mh-qMY2_320H7OI_MxgQuB733Oo81NNHACqQu2W_VzS8VB119zoqMh0_1z6qjNEZ_-oucxtZ3BRq3UpZSCqHMhO3A-ZQcoc69Cqe7jfZ32Cq1hAZSgsQ3hXyurOgMoUZSgqZVgkgJyNrV2AZ_g-qjV2_JoGPMoWQcNxupuMyp-tPMoc69Cqe7jfZ32Cq1hAZSxjuOgNguyNHVB9gI2-qMY2yjzGrfUpgAxMzRPN3I2VoJOJesxMzRPdyjrNHfgU8IooH_xd_7zzH3gU8I2jzpJdgjP6q1B2PfBsHjNfyfO3gBBXZSgjH7NDZ325q1OkypzHqBjh_32zHJOJz9B68Mr7_7zsq1hAZS2gHsBN3ByN8B29zSBgHMP2_fB-8jYJ39uvzVBN_7zz8JOke_uozJ7O_joG6ZUDUMoDP9o7g9-wq3zwPsUi6seFosy7bm-sy9zBgfYa8uYpP3PSg9o79fV7PI-2ySu7gZUE3aUh6AnFUiFiH_jFoZUDUsJdoA1ibmUh6_ndUiFiH_KOHmUDUsJdoAyibmUh6AedUB7DUSCaq3oB9f-2gmUE6AnFbm-SQfVD9fBjUstabm-Mq3NxQVYag3hay3N09fVjrfo5rM1i6syhHZdaoAyOH_1fHsrfHpeObm-hP3ua8uYag3hay3N09RosQR-BUstFbs1aos1pHseFH_UR6Ayao_oY?r=https%3A%2F%2Fwww.tokopedia.com%2Fsyahlashoesjkt11%2Fsepatu-pria-dr-martens-3989-black-smooth-leather-brogue-original-bnib-wingtipblack-40%3FextParam%3Divf%253Dfalse%26src%3Dtopads&keywords=sepatu&management_type=1&pub_id=0&ob=23&t=desktop&is_search=1&src=search&dv=desktop&pub_domain=0&pub_unit=0&page=1
Sepatu Onitsuka Original Japan Nippon Made Cream Blue Red,Rp649.000,Jakarta Selatan,ONITSUKA TIGER MEXICO 66 OFFICIAL,4.8,Terjual 9,https://images.tokopedia.net/img/cache/200-square/VqbcmM/2022/12/30/7b37927d-862e-4745-85f8-e481aaf06357.jpg,https://ta.tokopedia.com/promo/v1/clicks/8a-xgVY2gmUEH_rNopJfoAjObm-xgVY789CBUsthbm-Orfua9fBjUstiHmUDUSz2Q31i6sJf6_JaHAHaoAjDUMoFyaUEH_UOHmFircYpq9z2Qfdi6sJNbm-xQcri6i-pPcOwQAowQA-wQAJibm-XP3Oig9-wQfgwy3zpUstaHmFiQSuWyMua9fVjrOYag9Ji6sUFbm-sy9zwq3zpUs2QH_rO6mFh6_nObAJNHAxPbm-X9foxQMz2gcV7guYxgIHi6sJ7HiFiy3-wPcupPmUEUjdibm-FQRo79fVDgaUEUMoFyOYpqcYF9RuXrZUDUSgBrSo2Qfdi6i-fHiUDUMVj9RosQR-BUst76A1XHpyfHpjf6AJNHAUFHpeDUSHp9fh5gaUEUMuNZM2jZJ2M33NGPMep_Mh-qMY2_1o-r7BW_sCsQABE3BPc8ujagfBvq1BRZ3BRq3JausujHsBN3jyN8Bja69Bq17jfZ32Cq1hAZSuiHsuk3Bo-ojBkZ_u68j-k3uPGQ1h9ZM2oqMo7_jPqQu22HAzou71F_Vz-ou2Je92g8MoN_M2VoVB_Z9o-Q_BNyuPjrc-D63Wq3J-MyuPzq1Y2Z9P-q9P2ysoGrVtaQIuyH7-Nys-ZHujp1MgxuOV2_fB-P7B2PfBiH72F3s-DPuKp_MYiH7-MyuPzq1Y2Z9P-q9P2yOx3QcoXQcgjz7gXyRB-ojBWPR2y8j1O_1zt6cgIPRBy8j1O_1z36cgIPRBizpjpgjxdr7O98IgjHRKdypoZPcgU8c2gq1BpZ3N6qMUpZMhyHj2Nysoj8B2_Z_g-qjOE_Sj7HJO119xozJOR_uzu81NEz_u6q1BpZ3N6qMUpZMhyH7ND3uxGqMVAZ_g-qBVR_1H78jN1_926zJBE_32-8jNEu9P6q1tNUiFiyfhOrRzBrBY2gVYfHiUEo_npoAUDUMoxPcuSQR-N9RoOgfPBrRzwy9z7rMBiP9zBUs2QUsJdHAnibmUh6_nOUiFiH_K7oZUDUsJNHAKibmUh6A1FUiFiH_K7oiUDUsJdoAKi9ZFigR-5P9CwrRzay9zBgRji6BDhbA-Pbm-FrMBsguYiq3ei6sJao_nDUMP5y3hwq3ei6sUDUMg2QMVD9R-BQI-xQMWwy3zpyfYagZUEosJFbsrd6_jaH_ehHpefH_yDUSVOg9-N9R-BQI-xQMWwrfo5rM1i6snXHpjh6AJN6_rOHseOHs1FH_zY?dv=desktop&is_search=1&page=1&t=desktop&pub_domain=0&pub_id=0&ob=23&management_type=1&r=https%3A%2F%2Fwww.tokopedia.com%2Fonitsukatigermexico%2Fsepatu-onitsuka-original-japan-nippon-made-cream-blue-red%3FextParam%3Divf%253Dfalse%26src%3Dtopads&src=search&pub_unit=0&keywords=sepatu
SEPATU NIKE AIRMAX 270 SNEAKERS PRIA MADE IN VIETNAM,Rp290.000,Jakarta Selatan,syntia Nabila,5.0,Terjual 16,https://images.tokopedia.net/img/cache/200-square/VqbcmM/2022/8/16/e30a81cc-194e-43f1-9cff-8e18981fd75e.jpg,https://ta.tokopedia.com/promo/v1/clicks/8a-xgVY2gmUEoAKaosjNopyDUMVj9RzNrc1i6sJDUSupg9-wq3ei6iUFUiFiPcBWgZUEH_yNH_UFHpU76ZFiyRCsUstRo_nDUSC5rfB7q3YXUstaHmFiy3hSUstirRzW9fFp9fFa9fFhUiFiQSuWyMua9fYM9fVjraUEHsnDUMNOQ3-BrBYxgIowrMuhUstaHmFiyfV79fBjraUE3pJRo_jDH_KFHmFh6AeO9ZFiQBYsy3Njq3zxPcuwy3zpUsthoAUDUMVi9RzBrRei6i-6UiFircYpPVYxQcri6i-srcowrfx5rVYOQSJibm-fg9-pq3YXUstiPsUibm-xgVYpyfYagZUEoAyFbs1RHA1OHsU7osrdo_1Obm-pHOYDQfri6i-B812kgJxGgBBXZSgjH7NDZ325q1OAZ9o-Q1dFyfFN8B29zSBgHMP2_fB-H1B2PfBxHByOgAUN8u2c692gHsBN3Bo-ojBke3BHe72OysUOqB2_Z_g-qjjO_S2mqBB9ZMOHu72k_32sPJNI3MOqq_n7_uPVHJh1Z_uqzJVE392s81Nkz_zg17BpZ37N83V9gICiQAB03BxmgMV913Bvq1BRZ3BRq3UpZSCqHMhO3Aom83Ua1sVgHO-MyuPzq1Y2Z9P-q9P2ysoGrVtaQIuyH7N5ysomgMV913Bvq1BRZ3BRq3oyuMhsQMhMgJPcQMoNZ_g-Q9PNyjrNHfgU8IooQAxd_7zCPfgU8IoouRxfgAod6c-J_MgoucrF_Bxd6cHp1SzMZIxk33B-r7BX_M2iH72D3A-G83UpgI2q17jfZ32-HjN_oI26uJVN_M2-P7NEgRB6qBJOZ3BRq3Ha_SgsQugMyp-3qcoW_MY-qMY2_92so1hkqRPozV1F_S2gH1Y1qRPvuJjhZ3dFvZUDUMoDP9o7g9-wq3zwPsUi6sHfo_jDUMoxPcuSQR-N9RoOgfPBrRzwy9z7rMBiP9zBUs2QUsJdHAnibmUh6_nOUiFiH_K7oZUDUsJNHAKibmUh6A1FUiFiH_K7oiUDUsJdoAKi9ZFirI-2yfuwyMBjUstRo_nDUMP5y3hwq3ei6sUDUMg2QMVD9R-BQI-xQMWwy3zpyfYagZUEosJFbsef6AeRHpHNHpUFHpUDUSVOg9-N9R-BQI-xQMWwrfo5rM1i6snXo_rO6_UaopHaHpJfH_eNwe?src=search&page=1&ob=23&is_search=1&pub_id=0&pub_unit=0&keywords=sepatu&dv=desktop&r=https%3A%2F%2Fwww.tokopedia.com%2Fsyntianabila%2Fsepatu-nike-airmax-270-sneakers-pria-made-in-vietnam-putih-36%3FextParam%3Divf%253Dfalse%26src%3Dtopads&management_type=2&pub_domain=0&t=desktop
Sepatu Pria Casual Gio Saverino Slip On Tapak Lentur Dan Anti Slip,Rp154.690,Medan,Gio Saverino,4.9,Terjual 70+,https://images.tokopedia.net/img/cache/200-square/VqbcmM/2023/6/8/c115cb7a-3d4e-4eef-a80e-a3baed712a12.jpg,https://www.tokopedia.com/giosaverino/sepatu-pria-casual-gio-saverino-slip-on-tapak-lentur-dan-anti-slip-grey-42-832c6?extParam=ivf%3Dtrue
Servodio 36-44 Navy Sepatu Sneakers Casual Pria Wanita SV02,Rp79.600,Kab. Mojokerto,Servodio Official Store,4.9,Terjual 100+,https://images.tokopedia.net/img/cache/200-square/hDjmkQ/2023/3/27/1cd1a647-1a20-4540-9385-b366df226e0b.jpg,https://ta.tokopedia.com/promo/v1/clicks/8a-xgVY2gmUEH_jRo_UOHsUNbm-xgVY789CBUsthbm-FQRo2PcB5QiUEHiFiPcBWgZUEH_yNH_UFHpU76ZFiyRCsUstpo_nDUMVj9RosQR-BUstpoAUXoAnFopHFos1hoAJpoprDUSHp9fh5gaUEUMuNZM2jZJ2M33NGPMep_Mh-qMY2_3j7oJY1Z_V6qj1O_7zoHJNEz9P68BJhZ3BRqujp1SByH7ND3uxGqMVAZ_g-qjuO_M20HJY1z_VoqB1F_32oH7Okgpz-q9P2y_-3o3ea69BqzsBE3_UN8u2_Z_g-qjV2_JoGP3Uao32q17jfZ32qqJdau_Vqz722_VzjQ1Y919z6zOJa_9jhqu2W__-Hu7ud3uzmQJOk1_zqQujp_jo-r7BW69BxufzFyMFNqO2yeMgxuOV2_fB-P7B2PfBiH72F3s-DPuKpeSBiHBUh3_oZgMV913Bvq1BRZ3BRq3UpZSCqHMhO3Ao6QfUpeMgxuOV2_fB-P7B2PfBs3VgDyfNDgMzIzMNs81jfZ3B-r7BX_M2iH72D3A-G83UpgI2q17jfZ32oHJO2oACozJJp_92CHjN1z_CouJ7p_SB-r7BX_M2iH72D3Ao6QVByZM2xe7jfZ32-oJNNoAC6uVuE_32-HJOJqR2vuJ7h_BoG6ZUDUSupg9-wq3ei6iUFUiFiy3hSUstirfh5PIz2QMPwrfuxrMotUiFiQSuWyMua9fYM9fVjraUE6ZFiQSuWyMua9fVjrOYag9Ji6sedbm-sy9zwq3zpUs2QH_rO6ZFh6AnFbAJdoAuPbm-X9foxQMz2gcV7guYxgIHi6sjDUMVi9RzBrRei6i-6UiFircYpPVYxQcri6i-pQcY7PcBXgOYpg3VayfKibm-fg9-pq3YXUstiPsUibm-sQIupPcua9fBj9RyaUst7HAyRomFiq9owgIBXy3O2yOYpQcY7PcBXgaUEPI-OgZFirI-2yfuwyMBjUstpo_nDUMP5y3hwq3ei6s-Y?management_type=1&src=search_carousel&page=2&t=desktop&dv=desktop&r=https%3A%2F%2Fwww.tokopedia.com%2Fservodioofficialstore%2Fservodio-36-44-navy-sepatu-sneakers-casual-pria-wanita-sv02-navy-37%3Fsrc%3Dtopads
SEPATU SNEAKERS ORTUSEIGHT RELIEVE - BLACK/WHITE,Rp449.650,Jakarta Barat,RANK Sports,5.0,Terjual 15,https://images.tokopedia.net/img/cache/200-square/hDjmkQ/2023/6/5/d9f5fa76-ace1-49d8-aaae-aa8dc3000677.jpg,https://www.tokopedia.com/ranksports/sepatu-sneakers-ortuseight-relieve-black-white-40?extParam=ivf%3Dfalse%26whid%3D3125298
Sepatu Ventela Original Pria Vantela PUBLIC / ETHNIC / BASIC,Rp230.000,Kab. Bandung,sepatulokalid,4.9,Terjual 2 rb+,https://images.tokopedia.net/img/cache/200-square/VqbcmM/2023/1/5/064d5bb2-5919-4b6b-bd34-b029638e4091.jpg,https://www.tokopedia.com/sepatulokalid/sepatu-ventela-original-pria-vantela-public-ethnic-basic-ethnic-low-42?extParam=ivf%3Dtrue
Aerostreet 36-45 Osaka Hitam Emas - Sepatu Sneakers Sport 21HH20,Rp155.900,Kab. Klaten,Aerostreet,4.8,Terjual 4 rb+,https://images.tokopedia.net/img/cache/200-square/VqbcmM/2023/7/24/82d46ea4-4fe0-4cd3-af5d-ec2e59e527ae.jpg,https://www.tokopedia.com/aerostreet/aerostreet-36-45-osaka-hitam-emas-sepatu-sneakers-sport-21hh20-41?extParam=cmp%3D1%26ivf%3Dtrue
SEPATU WANITA KOREAN STYLE SPATU CEWEK KEKINIAN FLATSHOES AH039,Rp53.900,Kab. Bogor,DETECTOR,4.7,Terjual 250+,https://images.tokopedia.net/img/cache/200-square/VqbcmM/2021/10/8/beeac06a-c525-4f06-935c-bd33376f5750.jpg,https://www.tokopedia.com/detector/sepatu-wanita-korean-style-spatu-cewek-kekinian-flatshoes-ah039-mokka-37?extParam=ivf%3Dfalse
[Terlaris] Sepatu Sandal Wanita Wedges Import Kekinian Tebal Terbaru,Rp160.000,Jakarta Barat,yudhi1572,4.9,Terjual 100+,https://images.tokopedia.net/img/cache/200-square/hDjmkQ/2022/10/17/b4ffc16d-776a-4a2e-9a75-fc984bac9693.jpg,https://www.tokopedia.com/zahra45330/terlaris-sepatu-sandal-wanita-wedges-import-kekinian-tebal-terbaru?extParam=ivf%3Dfalse
WINOD New Tyra Flatshoes,Rp79.900,Tangerang,Winod Official,4.8,Terjual 750+,https://images.tokopedia.net/img/cache/200-square/VqbcmM/2023/6/28/5450dfe7-e0e6-4dcb-978b-5334a4b50665.jpg,https://www.tokopedia.com/winodofficialshop/winod-new-tyra-flatshoes-hitam-37?extParam=ivf%3Dtrue
Aerostreet 36-40 Jisoo Pink Navy - Sepatu Sneakers Wanita Aero 21LL12,Rp139.900,Kab. Klaten,Aerostreet,4.9,Terjual 1 rb+,https://images.tokopedia.net/img/cache/200-square/VqbcmM/2023/7/24/5f96126e-8c11-4288-915b-6620fafad06d.jpg,https://www.tokopedia.com/aerostreet/aerostreet-36-40-jisoo-pink-navy-sepatu-sneakers-wanita-aero-21ll12-39?extParam=ivf%3Dfalse
URBAN&CO Basic Flatshoes Zura,Rp164.900,Kab. Bogor,URBAN&CO OFFICIAL,4.9,Terjual 1 rb+,https://images.tokopedia.net/img/cache/200-square/VqbcmM/2021/7/5/5c58246d-6b72-4942-90dd-ce0ebd484463.jpg,https://www.tokopedia.com/urbancoofficialshop/urban-co-basic-flatshoes-zura-black-40?extParam=ivf%3Dtrue
MILLS Sepatu Futsal Evos In Neon/White 9400202,Rp296.650,Tangerang,MILLS Official,4.9,Terjual 70+,https://images.tokopedia.net/img/cache/200-square/hDjmkQ/2023/7/27/a18092f7-b119-4c90-a880-2bb0cef6d94e.jpg,https://www.tokopedia.com/millsindonesia/mills-sepatu-futsal-evos-in-neon-white-9400202-39?extParam=ivf%3Dtrue
MILLS Sepatu Futsal Voltapro Ginga IN White/Gum 9500102,Rp299.250,Tangerang,MILLS Official,4.9,Terjual 50+,https://images.tokopedia.net/img/cache/200-square/hDjmkQ/2023/8/1/930a2837-f4d3-4415-b50f-6cf3d0e3ba64.jpg,https://www.tokopedia.com/millsindonesia/mills-sepatu-futsal-voltapro-ginga-in-white-gum-9500102-45?extParam=ivf%3Dtrue
paket komplit sepatu Futsal,Rp109.900,Jakarta Timur,AFKAR_STORE.,4.8,Terjual 1 rb+,https://images.tokopedia.net/img/cache/200-square/VqbcmM/2022/12/9/517e1d1d-c3ca-4ce7-b111-7fb1e0b8e5ac.jpg,https://www.tokopedia.com/afkarstoresport/paket-komplit-sepatu-futsal-merah-43?extParam=ivf%3Dfalse
ORTUSEIGHT SEPATU FUTSAL ZENITH IN BLACK GREY ORTUS ORIGINAL BNIB,Rp254.000,Jakarta Pusat,Cross Sport,4.9,Terjual 30+,https://images.tokopedia.net/img/cache/200-square/VqbcmM/2023/1/18/ba762712-ed0b-4599-afd5-c9d88f68c2da.jpg,https://www.tokopedia.com/cross-sport/ortuseight-sepatu-futsal-zenith-in-black-grey-ortus-original-bnib?extParam=ivf%3Dfalse
MILLS Sepatu Futsal Davor IN Navy/Yellow 9401402,Rp329.000,Tangerang,MILLS Official,4.8,Terjual 40+,https://images.tokopedia.net/img/cache/200-square/hDjmkQ/2023/7/25/bbbb258f-f45f-48b2-be61-30178293f537.jpg,https://www.tokopedia.com/millsindonesia/mills-sepatu-futsal-davor-in-navy-yellow-9401402-38-0b8dd?extParam=ivf%3Dfalse
PAKET KOMPLIT Sepatu Bola Anak Motif Spyder Size 33 - 38,Rp90.250,Jakarta Selatan,Vanwaz,4.7,Terjual 70+,https://images.tokopedia.net/img/cache/200-square/VqbcmM/2022/10/11/61ead674-4b32-4039-81c9-dedcc49dfd72.jpg,https://www.tokopedia.com/vanwaz/paket-komplit-sepatu-bola-anak-motif-spyder-size-33-38-hitam-merah-33?extParam=ivf%3Dfalse
SEPATU BOLA ANAK - MILLS HERZONE FG JR ORIGINAL 9200103,Rp278.000,Jakarta Pusat,SIONGVO SPORTS OUTLET TM,5.0,Terjual 11,https://images.tokopedia.net/img/cache/200-square/VqbcmM/2023/5/18/c0ecc8ce-0c94-4a8a-b722-6bf662580fa5.jpg,https://www.tokopedia.com/siongvo-sports/sepatu-bola-anak-mills-herzone-fg-jr-original-9200103?extParam=ivf%3Dfalse
Sepatu Bola Nike Zoom Vapor 15 Academy White Blue,Rp360.000,Jakarta Utara,Indosportshop,5.0,Terjual 10,https://images.tokopedia.net/img/cache/200-square/VqbcmM/2023/2/8/afd7419f-9d43-47cc-870c-704f91e7f675.jpg,https://www.tokopedia.com/indosportshop/sepatu-bola-nike-zoom-vapor-15-academy-white-blue?extParam=ivf%3Dfalse
Sepatu Bola Puma Ultra 1.4 Thrill Pack,Rp430.000,Jakarta Utara,Indosportshop,4.9,Terjual 21,https://images.tokopedia.net/img/cache/200-square/VqbcmM/2022/10/18/94d15e58-d593-4be9-9a9c-63fff3f07412.jpg,https://www.tokopedia.com/indosportshop/sepatu-bola-puma-ultra-1-4-thrill-pack?extParam=ivf%3Dfalse
PROMO TERMURAH sepatu bola apha Genesis terbaru berkualitas,Rp160.000,Kab. Sragen,Aghniya Sport,4.9,Terjual 40+,https://images.tokopedia.net/img/cache/200-square/VqbcmM/2023/1/5/93e11740-741d-48c3-a513-b7fb1e025fec.jpg,https://www.tokopedia.com/aghniyasport/promo-termurah-sepatu-bola-apha-genesis-terbaru-berkualitas-e-38?extParam=ivf%3Dfalse
100%premium Sepatu volly badminton court ff control blue white Vietnam,Rp355.000,Bandung,Iyustaufik,4.8,Terjual 50+,https://images.tokopedia.net/img/cache/200-square/VqbcmM/2022/11/9/d12f2c50-1133-47a5-8daf-df67a8e9c1b4.jpg,https://www.tokopedia.com/iyustaufikglosir/100-premium-sepatu-volly-badminton-court-ff-control-blue-white-vietnam-nova-fullblack-40?extParam=ivf%3Dfalse
Sepatu olahraga Alope ZICO sepatu Badminton best seller unisex,Rp114.999,Kab. Mojokerto,Alope Official,4.8,Terjual 100+,https://images.tokopedia.net/img/cache/200-square/VqbcmM/2023/5/19/e78a1015-9441-4aab-8873-83c95f85b213.jpg,https://ta.tokopedia.com/promo/v1/clicks/8a-xgVY2gmUEH_jp6_j7HpUabm-xgVY789CBUsthbm-FQRo2PcB5QiUEHsUDUSz2Q31i6sJf6_JaHAHaoAjDUMoFyaUEosnFbm-xgVYpyfYagZUEHpHhbsJp6AKpHArp6AJOHprpbm-pHOYDQfri6i-B812kgJxGgBBXZSgjH7NDZ325q1O_oI2ouV1p_7z0HJNE__-vzVVN_uzCHJB2PfBgHO-N3Ao6QVByZM2xe7jfZ32CP1YJ__oo8jBR_BzsHJO139B6qMHO_Bo-r7BWPchB3czfyfOZgMHa_SgsQuu2_fB-P7B2PfBiQ_BO3_-uq1Y2Z_-guczD_BPZquB2HAoqqMh0_VzZq7Nk_9zgQu2k_MjhqJO9z9PquJjF_7PqQ1NE13BHe72fyfODQMV9o3gqzOgR3A-Dq7BkQfBoe7BpZ37N83V9gICiQABRyf7Nqfz9_sCyHMh0Z325q1OAZ9o-Q_BNyuPjrc-D692xzpBR3A-Dq7BkQfBoe7BpZ3NcHu2yZsuyHO-t3sooq1Y2Z3BHe72E3_UN8u2363BsQ_jpyp-uq1Y2Z92o8juO_uzooJYJ_9P68j77_uzu8jNE_3BHe72E3_UN8u23692qu7gN3_-Sq1Y2Z92oqMWO_Bz0H7Y1gR2oqMHp_1zCoJBXHA7ibm-Orfua9fBjUstiHmUDUMVDgaUEUSoDQRz7q3NS9RoBy9-sqmUDUMNOQ3-BrBY5gBYxgIHi6sjDUMNOQ3-BrBYxgIowrMuhUst76mFiyfV79fBjraUE3pJRo_jDH_KFHmFh6AeO9ZFiQBYsy3Njq3zxPcuwy3zpUstNbm-xyBY7g9o7Usti_iUDUSC5rRzwy3hSUstirfh5PIz2QMPwrfuxrMotUiFiPMuarfB5QiUEUSyaUiFiyfhOrRzBrBY2gVYfHiUE6AehoaFiq9owgIBXy3O2yOYpQcY7PcBXgaUEPI-OgZFirI-2yfuwyMBjUstfHAnDUMP5y3hwq3ei6s-Y?t=desktop&dv=desktop&r=https%3A%2F%2Fwww.tokopedia.com%2Falopeofficial%2Fsepatu-olahraga-alope-zico-sepatu-badminton-best-seller-unisex-kaos-kaki-41%3Fsrc%3Dtopads&page=2&management_type=1&src=search_carousel
New Sepatu Badminton Victor SHA362 / A 362 / SH A-362II AB,Rp750.000,Surabaya,Sports Center,4.9,Terjual 500+,https://images.tokopedia.net/img/cache/200-square/VqbcmM/2022/8/18/1e4ecac7-3691-443c-a95d-513b83a0e646.jpg,https://www.tokopedia.com/sportscenter/new-sepatu-badminton-victor-sha362-a-362-sh-a-362ii-ab?extParam=ivf%3Dfalse
New Sepatu Badminton Victor SHA362 / A 362 / SH A-362II CM,Rp750.000,Surabaya,Sports Center,4.9,Terjual 250+,https://images.tokopedia.net/img/cache/200-square/VqbcmM/2022/6/24/48c6d1cd-bffb-42b1-b242-9b0921bc9db1.jpg,https://www.tokopedia.com/sportscenter/new-sepatu-badminton-victor-sha362-a-362-sh-a-362ii-cm-5bb7?extParam=ivf%3Dfalse
Spotec Sepatu Badminton Splash Hitam - Merah,Rp286.915,Jakarta Utara,Spotec Official Store,4.8,Terjual 90+,https://images.tokopedia.net/img/cache/200-square/VqbcmM/2022/7/10/974c7107-3574-4da8-a488-2a4829f84514.png,https://www.tokopedia.com/spotec/spotec-sepatu-badminton-splash-hitam-merah-37?extParam=ivf%3Dfalse
